year,month,province,region,animal_bites,vaccinated,serum,human_cases,deaths
2019,1,Hà Nội,Miền Bắc,135,110,35,0,0
2019,1,Hải Phòng,Miền Bắc,118,100,32,1,0
2019,1,Quảng Ninh,Miền Bắc,100,69,17,0,0
2019,1,Bắc Giang,Miền Bắc,144,113,24,0,0
2019,1,Lạng Sơn,Miền Bắc,127,105,23,1,1
2019,1,Sơn La,Miền Bắc,135,90,30,0,0
2019,1,Thanh Hóa,Miền Bắc,111,73,29,0,0
2019,1,Nghệ An,Miền Bắc,156,120,37,0,0
2019,1,Đà Nẵng,Miền Trung,126,84,19,0,0
2019,1,Quảng Nam,Miền Trung,97,69,26,0,0
2019,1,Quảng Ngãi,Miền Trung,118,80,29,0,0
2019,1,Bình Định,Miền Trung,91,76,26,1,0
2019,1,Khánh Hòa,Miền Trung,101,80,20,0,0
2019,1,Phú Yên,Miền Trung,102,83,27,1,1
2019,1,Gia Lai,Tây Nguyên,172,132,37,0,0
2019,1,Đắk Lắk,Tây Nguyên,131,104,26,1,1
2019,1,Lâm Đồng,Tây Nguyên,128,87,35,2,2
2019,1,Kon Tum,Tây Nguyên,120,84,23,2,1
2019,1,Hồ Chí Minh,Miền Nam,100,72,21,1,0
2019,1,Cần Thơ,Miền Nam,117,84,20,0,0
2019,1,An Giang,Miền Nam,111,73,18,1,0
2019,1,Kiên Giang,Miền Nam,141,99,35,0,0
2019,1,Đồng Tháp,Miền Nam,121,93,18,1,1
2019,1,Bình Phước,Miền Nam,115,79,27,0,0
2019,1,Tây Ninh,Miền Nam,154,112,23,2,1
2019,2,Hà Nội,Miền Bắc,142,121,47,1,0
2019,2,Hải Phòng,Miền Bắc,154,103,22,2,1
2019,2,Quảng Ninh,Miền Bắc,121,96,22,1,0
2019,2,Bắc Giang,Miền Bắc,165,132,41,0,0
2019,2,Lạng Sơn,Miền Bắc,139,98,40,0,0
2019,2,Sơn La,Miền Bắc,153,127,38,1,0
2019,2,Thanh Hóa,Miền Bắc,130,103,22,3,3
2019,2,Nghệ An,Miền Bắc,179,123,38,3,0
2019,2,Đà Nẵng,Miền Trung,119,101,36,1,1
2019,2,Quảng Nam,Miền Trung,112,93,31,2,1
2019,2,Quảng Ngãi,Miền Trung,138,108,20,0,0
2019,2,Bình Định,Miền Trung,121,82,25,1,1
2019,2,Khánh Hòa,Miền Trung,128,104,43,1,1
2019,2,Phú Yên,Miền Trung,130,96,21,0,0
2019,2,Gia Lai,Tây Nguyên,166,135,45,0,0
2019,2,Đắk Lắk,Tây Nguyên,164,122,29,0,0
2019,2,Lâm Đồng,Tây Nguyên,173,117,22,0,0
2019,2,Kon Tum,Tây Nguyên,152,115,23,1,1
2019,2,Hồ Chí Minh,Miền Nam,118,86,28,0,0
2019,2,Cần Thơ,Miền Nam,151,103,20,1,0
2019,2,An Giang,Miền Nam,120,95,27,2,1
2019,2,Kiên Giang,Miền Nam,129,86,29,0,0
2019,2,Đồng Tháp,Miền Nam,121,79,29,0,0
2019,2,Bình Phước,Miền Nam,120,95,37,2,1
2019,2,Tây Ninh,Miền Nam,141,116,30,2,1
2019,3,Hà Nội,Miền Bắc,161,116,45,0,0
2019,3,Hải Phòng,Miền Bắc,133,115,46,1,1
2019,3,Quảng Ninh,Miền Bắc,135,112,22,1,1
2019,3,Bắc Giang,Miền Bắc,151,124,40,0,0
2019,3,Lạng Sơn,Miền Bắc,132,88,33,1,1
2019,3,Sơn La,Miền Bắc,139,115,36,0,0
2019,3,Thanh Hóa,Miền Bắc,165,125,22,1,0
2019,3,Nghệ An,Miền Bắc,180,141,57,1,1
2019,3,Đà Nẵng,Miền Trung,178,152,46,1,0
2019,3,Quảng Nam,Miền Trung,119,96,27,1,1
2019,3,Quảng Ngãi,Miền Trung,163,129,31,0,0
2019,3,Bình Định,Miền Trung,115,90,17,3,1
2019,3,Khánh Hòa,Miền Trung,153,132,46,1,0
2019,3,Phú Yên,Miền Trung,99,72,26,1,1
2019,3,Gia Lai,Tây Nguyên,202,150,36,0,0
2019,3,Đắk Lắk,Tây Nguyên,189,166,69,3,2
2019,3,Lâm Đồng,Tây Nguyên,179,131,27,1,1
2019,3,Kon Tum,Tây Nguyên,148,109,23,0,0
2019,3,Hồ Chí Minh,Miền Nam,130,105,24,0,0
2019,3,Cần Thơ,Miền Nam,148,111,44,0,0
2019,3,An Giang,Miền Nam,125,92,30,2,2
2019,3,Kiên Giang,Miền Nam,150,105,20,0,0
2019,3,Đồng Tháp,Miền Nam,119,81,27,0,0
2019,3,Bình Phước,Miền Nam,139,105,35,0,0
2019,3,Tây Ninh,Miền Nam,140,96,23,0,0
2019,4,Hà Nội,Miền Bắc,143,108,24,0,0
2019,4,Hải Phòng,Miền Bắc,156,102,37,1,0
2019,4,Quảng Ninh,Miền Bắc,106,88,31,0,0
2019,4,Bắc Giang,Miền Bắc,161,122,40,0,0
2019,4,Lạng Sơn,Miền Bắc,154,101,24,2,2
2019,4,Sơn La,Miền Bắc,142,102,23,0,0
2019,4,Thanh Hóa,Miền Bắc,132,103,35,1,1
2019,4,Nghệ An,Miền Bắc,175,125,33,1,0
2019,4,Đà Nẵng,Miền Trung,148,99,21,0,0
2019,4,Quảng Nam,Miền Trung,108,77,17,1,1
2019,4,Quảng Ngãi,Miền Trung,145,123,46,0,0
2019,4,Bình Định,Miền Trung,107,92,28,1,1
2019,4,Khánh Hòa,Miền Trung,137,92,30,0,0
2019,4,Phú Yên,Miền Trung,131,99,30,0,0
2019,4,Gia Lai,Tây Nguyên,184,122,50,0,0
2019,4,Đắk Lắk,Tây Nguyên,189,152,55,1,1
2019,4,Lâm Đồng,Tây Nguyên,213,174,70,0,0
2019,4,Kon Tum,Tây Nguyên,126,98,37,0,0
2019,4,Hồ Chí Minh,Miền Nam,134,92,20,2,0
2019,4,Cần Thơ,Miền Nam,144,108,29,1,1
2019,4,An Giang,Miền Nam,124,106,34,0,0
2019,4,Kiên Giang,Miền Nam,185,134,28,2,1
2019,4,Đồng Tháp,Miền Nam,128,84,26,2,2
2019,4,Bình Phước,Miền Nam,133,108,38,1,1
2019,4,Tây Ninh,Miền Nam,176,130,37,1,1
2019,5,Hà Nội,Miền Bắc,180,155,54,0,0
2019,5,Hải Phòng,Miền Bắc,171,127,45,3,2
2019,5,Quảng Ninh,Miền Bắc,143,94,24,1,1
2019,5,Bắc Giang,Miền Bắc,181,148,42,0,0
2019,5,Lạng Sơn,Miền Bắc,166,114,34,1,0
2019,5,Sơn La,Miền Bắc,164,131,29,1,1
2019,5,Thanh Hóa,Miền Bắc,165,135,31,1,1
2019,5,Nghệ An,Miền Bắc,165,124,37,1,1
2019,5,Đà Nẵng,Miền Trung,183,130,43,1,0
2019,5,Quảng Nam,Miền Trung,136,95,22,1,1
2019,5,Quảng Ngãi,Miền Trung,150,105,37,2,2
2019,5,Bình Định,Miền Trung,118,81,25,0,0
2019,5,Khánh Hòa,Miền Trung,166,120,29,0,0
2019,5,Phú Yên,Miền Trung,141,111,30,1,0
2019,5,Gia Lai,Tây Nguyên,218,185,54,3,2
2019,5,Đắk Lắk,Tây Nguyên,175,114,45,0,0
2019,5,Lâm Đồng,Tây Nguyên,193,150,50,1,0
2019,5,Kon Tum,Tây Nguyên,180,141,45,1,1
2019,5,Hồ Chí Minh,Miền Nam,106,86,17,1,1
2019,5,Cần Thơ,Miền Nam,152,115,39,2,0
2019,5,An Giang,Miền Nam,141,107,34,0,0
2019,5,Kiên Giang,Miền Nam,184,122,43,1,1
2019,5,Đồng Tháp,Miền Nam,156,122,32,0,0
2019,5,Bình Phước,Miền Nam,181,157,45,0,0
2019,5,Tây Ninh,Miền Nam,170,139,51,2,1
2019,6,Hà Nội,Miền Bắc,196,159,63,0,0
2019,6,Hải Phòng,Miền Bắc,162,106,36,0,0
2019,6,Quảng Ninh,Miền Bắc,157,133,50,0,0
2019,6,Bắc Giang,Miền Bắc,192,151,35,0,0
2019,6,Lạng Sơn,Miền Bắc,137,99,35,0,0
2019,6,Sơn La,Miền Bắc,144,119,30,2,2
2019,6,Thanh Hóa,Miền Bắc,178,156,41,1,0
2019,6,Nghệ An,Miền Bắc,193,144,51,0,0
2019,6,Đà Nẵng,Miền Trung,131,93,23,0,0
2019,6,Quảng Nam,Miền Trung,96,84,23,0,0
2019,6,Quảng Ngãi,Miền Trung,159,138,50,0,0
2019,6,Bình Định,Miền Trung,119,103,30,1,1
2019,6,Khánh Hòa,Miền Trung,144,101,22,0,0
2019,6,Phú Yên,Miền Trung,119,86,16,4,2
2019,6,Gia Lai,Tây Nguyên,183,143,45,0,0
2019,6,Đắk Lắk,Tây Nguyên,199,135,53,4,2
2019,6,Lâm Đồng,Tây Nguyên,157,126,24,2,1
2019,6,Kon Tum,Tây Nguyên,155,132,49,3,2
2019,6,Hồ Chí Minh,Miền Nam,142,93,35,0,0
2019,6,Cần Thơ,Miền Nam,145,99,37,1,0
2019,6,An Giang,Miền Nam,135,107,33,1,1
2019,6,Kiên Giang,Miền Nam,169,113,45,1,0
2019,6,Đồng Tháp,Miền Nam,118,86,28,0,0
2019,6,Bình Phước,Miền Nam,135,88,16,0,0
2019,6,Tây Ninh,Miền Nam,159,128,36,0,0
2019,7,Hà Nội,Miền Bắc,154,128,44,0,0
2019,7,Hải Phòng,Miền Bắc,127,101,24,1,0
2019,7,Quảng Ninh,Miền Bắc,120,88,21,1,1
2019,7,Bắc Giang,Miền Bắc,170,144,42,1,0
2019,7,Lạng Sơn,Miền Bắc,158,130,42,0,0
2019,7,Sơn La,Miền Bắc,143,108,22,0,0
2019,7,Thanh Hóa,Miền Bắc,148,103,30,0,0
2019,7,Nghệ An,Miền Bắc,171,142,36,1,0
2019,7,Đà Nẵng,Miền Trung,137,98,33,2,2
2019,7,Quảng Nam,Miền Trung,118,91,16,0,0
2019,7,Quảng Ngãi,Miền Trung,141,103,19,0,0
2019,7,Bình Định,Miền Trung,109,85,29,1,1
2019,7,Khánh Hòa,Miền Trung,105,85,33,2,2
2019,7,Phú Yên,Miền Trung,126,103,20,0,0
2019,7,Gia Lai,Tây Nguyên,170,144,33,1,0
2019,7,Đắk Lắk,Tây Nguyên,173,134,47,0,0
2019,7,Lâm Đồng,Tây Nguyên,173,139,27,0,0
2019,7,Kon Tum,Tây Nguyên,133,113,40,1,1
2019,7,Hồ Chí Minh,Miền Nam,131,98,34,1,1
2019,7,Cần Thơ,Miền Nam,159,126,41,1,0
2019,7,An Giang,Miền Nam,109,95,21,1,0
2019,7,Kiên Giang,Miền Nam,150,109,35,0,0
2019,7,Đồng Tháp,Miền Nam,127,90,30,0,0
2019,7,Bình Phước,Miền Nam,150,130,37,0,0
2019,7,Tây Ninh,Miền Nam,126,96,25,1,0
2019,8,Hà Nội,Miền Bắc,151,103,19,2,1
2019,8,Hải Phòng,Miền Bắc,125,89,17,1,0
2019,8,Quảng Ninh,Miền Bắc,111,80,24,0,0
2019,8,Bắc Giang,Miền Bắc,186,161,53,2,1
2019,8,Lạng Sơn,Miền Bắc,129,89,30,1,1
2019,8,Sơn La,Miền Bắc,135,117,40,1,1
2019,8,Thanh Hóa,Miền Bắc,136,95,32,0,0
2019,8,Nghệ An,Miền Bắc,160,128,53,0,0
2019,8,Đà Nẵng,Miền Trung,141,110,39,1,0
2019,8,Quảng Nam,Miền Trung,115,95,27,1,1
2019,8,Quảng Ngãi,Miền Trung,126,93,26,0,0
2019,8,Bình Định,Miền Trung,100,66,21,1,1
2019,8,Khánh Hòa,Miền Trung,119,86,23,0,0
2019,8,Phú Yên,Miền Trung,114,90,32,3,3
2019,8,Gia Lai,Tây Nguyên,161,122,29,0,0
2019,8,Đắk Lắk,Tây Nguyên,146,113,28,1,1
2019,8,Lâm Đồng,Tây Nguyên,160,123,43,0,0
2019,8,Kon Tum,Tây Nguyên,132,115,34,1,1
2019,8,Hồ Chí Minh,Miền Nam,118,82,18,1,0
2019,8,Cần Thơ,Miền Nam,124,102,25,1,1
2019,8,An Giang,Miền Nam,114,93,35,0,0
2019,8,Kiên Giang,Miền Nam,121,96,31,1,0
2019,8,Đồng Tháp,Miền Nam,106,78,22,1,1
2019,8,Bình Phước,Miền Nam,131,87,17,1,1
2019,8,Tây Ninh,Miền Nam,137,114,26,2,2
2019,9,Hà Nội,Miền Bắc,119,90,17,2,2
2019,9,Hải Phòng,Miền Bắc,106,88,35,0,0
2019,9,Quảng Ninh,Miền Bắc,90,79,31,0,0
2019,9,Bắc Giang,Miền Bắc,137,108,21,1,0
2019,9,Lạng Sơn,Miền Bắc,118,84,20,0,0
2019,9,Sơn La,Miền Bắc,107,79,22,1,1
2019,9,Thanh Hóa,Miền Bắc,92,67,26,2,2
2019,9,Nghệ An,Miền Bắc,139,117,46,1,1
2019,9,Đà Nẵng,Miền Trung,91,60,11,0,0
2019,9,Quảng Nam,Miền Trung,112,80,24,0,0
2019,9,Quảng Ngãi,Miền Trung,91,63,20,1,1
2019,9,Bình Định,Miền Trung,77,52,13,0,0
2019,9,Khánh Hòa,Miền Trung,104,79,33,1,0
2019,9,Phú Yên,Miền Trung,92,62,24,0,0
2019,9,Gia Lai,Tây Nguyên,125,93,35,2,1
2019,9,Đắk Lắk,Tây Nguyên,135,104,24,0,0
2019,9,Lâm Đồng,Tây Nguyên,125,97,28,1,1
2019,9,Kon Tum,Tây Nguyên,106,78,22,3,1
2019,9,Hồ Chí Minh,Miền Nam,99,84,24,1,1
2019,9,Cần Thơ,Miền Nam,106,86,26,1,1
2019,9,An Giang,Miền Nam,98,70,18,1,1
2019,9,Kiên Giang,Miền Nam,123,80,15,1,1
2019,9,Đồng Tháp,Miền Nam,85,70,23,0,0
2019,9,Bình Phước,Miền Nam,115,100,32,1,1
2019,9,Tây Ninh,Miền Nam,131,96,27,0,0
2019,10,Hà Nội,Miền Bắc,118,83,17,0,0
2019,10,Hải Phòng,Miền Bắc,123,88,33,3,2
2019,10,Quảng Ninh,Miền Bắc,80,70,28,0,0
2019,10,Bắc Giang,Miền Bắc,108,88,33,0,0
2019,10,Lạng Sơn,Miền Bắc,108,88,27,1,0
2019,10,Sơn La,Miền Bắc,108,86,31,0,0
2019,10,Thanh Hóa,Miền Bắc,102,72,25,1,0
2019,10,Nghệ An,Miền Bắc,113,92,30,0,0
2019,10,Đà Nẵng,Miền Trung,96,74,13,1,1
2019,10,Quảng Nam,Miền Trung,79,56,21,1,0
2019,10,Quảng Ngãi,Miền Trung,117,86,23,1,1
2019,10,Bình Định,Miền Trung,85,67,13,0,0
2019,10,Khánh Hòa,Miền Trung,97,76,26,1,1
2019,10,Phú Yên,Miền Trung,84,68,25,0,0
2019,10,Gia Lai,Tây Nguyên,130,94,26,0,0
2019,10,Đắk Lắk,Tây Nguyên,112,91,38,2,1
2019,10,Lâm Đồng,Tây Nguyên,135,105,33,0,0
2019,10,Kon Tum,Tây Nguyên,99,64,11,1,1
2019,10,Hồ Chí Minh,Miền Nam,84,70,15,1,1
2019,10,Cần Thơ,Miền Nam,102,83,30,0,0
2019,10,An Giang,Miền Nam,92,75,25,1,0
2019,10,Kiên Giang,Miền Nam,103,88,21,0,0
2019,10,Đồng Tháp,Miền Nam,103,85,16,0,0
2019,10,Bình Phước,Miền Nam,73,62,13,0,0
2019,10,Tây Ninh,Miền Nam,105,89,16,2,2
2019,11,Hà Nội,Miền Bắc,109,75,23,0,0
2019,11,Hải Phòng,Miền Bắc,107,73,17,0,0
2019,11,Quảng Ninh,Miền Bắc,104,80,16,2,1
2019,11,Bắc Giang,Miền Bắc,123,106,40,1,0
2019,11,Lạng Sơn,Miền Bắc,113,86,32,0,0
2019,11,Sơn La,Miền Bắc,95,65,16,1,0
2019,11,Thanh Hóa,Miền Bắc,98,85,31,0,0
2019,11,Nghệ An,Miền Bắc,105,90,27,0,0
2019,11,Đà Nẵng,Miền Trung,88,73,19,2,2
2019,11,Quảng Nam,Miền Trung,83,64,13,1,0
2019,11,Quảng Ngãi,Miền Trung,122,106,22,0,0
2019,11,Bình Định,Miền Trung,89,66,21,0,0
2019,11,Khánh Hòa,Miền Trung,112,85,35,0,0
2019,11,Phú Yên,Miền Trung,95,81,22,0,0
2019,11,Gia Lai,Tây Nguyên,137,117,23,1,0
2019,11,Đắk Lắk,Tây Nguyên,127,91,26,1,1
2019,11,Lâm Đồng,Tây Nguyên,114,95,19,0,0
2019,11,Kon Tum,Tây Nguyên,94,70,25,1,0
2019,11,Hồ Chí Minh,Miền Nam,92,74,19,1,0
2019,11,Cần Thơ,Miền Nam,97,69,23,1,1
2019,11,An Giang,Miền Nam,95,80,29,1,0
2019,11,Kiên Giang,Miền Nam,120,81,23,0,0
2019,11,Đồng Tháp,Miền Nam,111,81,33,0,0
2019,11,Bình Phước,Miền Nam,103,84,33,0,0
2019,11,Tây Ninh,Miền Nam,124,106,38,1,1
2019,12,Hà Nội,Miền Bắc,119,80,27,1,1
2019,12,Hải Phòng,Miền Bắc,123,88,31,0,0
2019,12,Quảng Ninh,Miền Bắc,115,92,29,1,0
2019,12,Bắc Giang,Miền Bắc,144,112,46,1,1
2019,12,Lạng Sơn,Miền Bắc,103,82,31,1,1
2019,12,Sơn La,Miền Bắc,122,104,29,1,0
2019,12,Thanh Hóa,Miền Bắc,106,71,19,0,0
2019,12,Nghệ An,Miền Bắc,140,107,35,0,0
2019,12,Đà Nẵng,Miền Trung,103,78,14,0,0
2019,12,Quảng Nam,Miền Trung,88,61,19,0,0
2019,12,Quảng Ngãi,Miền Trung,104,67,12,0,0
2019,12,Bình Định,Miền Trung,66,48,17,0,0
2019,12,Khánh Hòa,Miền Trung,106,91,25,0,0
2019,12,Phú Yên,Miền Trung,102,74,22,1,0
2019,12,Gia Lai,Tây Nguyên,131,97,27,0,0
2019,12,Đắk Lắk,Tây Nguyên,154,121,30,3,3
2019,12,Lâm Đồng,Tây Nguyên,134,90,25,1,0
2019,12,Kon Tum,Tây Nguyên,137,110,29,1,0
2019,12,Hồ Chí Minh,Miền Nam,98,80,16,1,1
2019,12,Cần Thơ,Miền Nam,107,83,15,0,0
2019,12,An Giang,Miền Nam,100,81,27,2,2
2019,12,Kiên Giang,Miền Nam,142,102,32,0,0
2019,12,Đồng Tháp,Miền Nam,109,88,23,0,0
2019,12,Bình Phước,Miền Nam,112,95,24,0,0
2019,12,Tây Ninh,Miền Nam,124,82,22,0,0
2020,1,Hà Nội,Miền Bắc,150,110,25,2,1
2020,1,Hải Phòng,Miền Bắc,168,110,20,0,0
2020,1,Quảng Ninh,Miền Bắc,101,83,24,0,0
2020,1,Bắc Giang,Miền Bắc,170,147,37,4,3
2020,1,Lạng Sơn,Miền Bắc,145,108,27,0,0
2020,1,Sơn La,Miền Bắc,117,85,20,2,2
2020,1,Thanh Hóa,Miền Bắc,134,106,24,0,0
2020,1,Nghệ An,Miền Bắc,156,135,53,1,1
2020,1,Đà Nẵng,Miền Trung,137,116,47,0,0
2020,1,Quảng Nam,Miền Trung,104,79,30,1,1
2020,1,Quảng Ngãi,Miền Trung,130,101,39,1,0
2020,1,Bình Định,Miền Trung,106,73,15,1,0
2020,1,Khánh Hòa,Miền Trung,118,93,37,0,0
2020,1,Phú Yên,Miền Trung,111,90,31,0,0
2020,1,Gia Lai,Tây Nguyên,159,132,32,0,0
2020,1,Đắk Lắk,Tây Nguyên,184,161,55,1,1
2020,1,Lâm Đồng,Tây Nguyên,138,114,38,2,1
2020,1,Kon Tum,Tây Nguyên,127,92,19,2,2
2020,1,Hồ Chí Minh,Miền Nam,114,76,21,0,0
2020,1,Cần Thơ,Miền Nam,119,99,39,0,0
2020,1,An Giang,Miền Nam,128,97,22,2,1
2020,1,Kiên Giang,Miền Nam,140,109,35,0,0
2020,1,Đồng Tháp,Miền Nam,126,102,38,1,1
2020,1,Bình Phước,Miền Nam,129,87,28,0,0
2020,1,Tây Ninh,Miền Nam,145,94,28,0,0
2020,2,Hà Nội,Miền Bắc,148,98,37,0,0
2020,2,Hải Phòng,Miền Bắc,138,99,20,0,0
2020,2,Quảng Ninh,Miền Bắc,115,83,30,1,1
2020,2,Bắc Giang,Miền Bắc,172,127,42,1,0
2020,2,Lạng Sơn,Miền Bắc,155,104,38,1,0
2020,2,Sơn La,Miền Bắc,140,105,24,0,0
2020,2,Thanh Hóa,Miền Bắc,137,113,31,2,1
2020,2,Nghệ An,Miền Bắc,176,126,26,2,2
2020,2,Đà Nẵng,Miền Trung,133,89,27,0,0
2020,2,Quảng Nam,Miền Trung,127,93,24,0,0
2020,2,Quảng Ngãi,Miền Trung,125,95,26,1,0
2020,2,Bình Định,Miền Trung,118,97,35,1,0
2020,2,Khánh Hòa,Miền Trung,140,94,22,0,0
2020,2,Phú Yên,Miền Trung,115,88,23,0,0
2020,2,Gia Lai,Tây Nguyên,197,168,61,2,2
2020,2,Đắk Lắk,Tây Nguyên,166,144,58,4,3
2020,2,Lâm Đồng,Tây Nguyên,180,133,45,0,0
2020,2,Kon Tum,Tây Nguyên,136,97,28,2,0
2020,2,Hồ Chí Minh,Miền Nam,122,83,34,1,0
2020,2,Cần Thơ,Miền Nam,119,99,28,1,0
2020,2,An Giang,Miền Nam,119,78,29,3,3
2020,2,Kiên Giang,Miền Nam,150,100,32,1,0
2020,2,Đồng Tháp,Miền Nam,140,106,37,0,0
2020,2,Bình Phước,Miền Nam,145,99,31,1,0
2020,2,Tây Ninh,Miền Nam,143,100,33,0,0
2020,3,Hà Nội,Miền Bắc,159,130,26,1,0
2020,3,Hải Phòng,Miền Bắc,140,103,41,1,1
2020,3,Quảng Ninh,Miền Bắc,133,110,26,1,1
2020,3,Bắc Giang,Miền Bắc,155,108,20,0,0
2020,3,Lạng Sơn,Miền Bắc,144,102,41,1,1
2020,3,Sơn La,Miền Bắc,143,124,48,0,0
2020,3,Thanh Hóa,Miền Bắc,161,123,28,1,0
2020,3,Nghệ An,Miền Bắc,167,111,45,1,0
2020,3,Đà Nẵng,Miền Trung,140,115,38,0,0
2020,3,Quảng Nam,Miền Trung,136,97,27,0,0
2020,3,Quảng Ngãi,Miền Trung,133,86,24,1,1
2020,3,Bình Định,Miền Trung,110,89,36,0,0
2020,3,Khánh Hòa,Miền Trung,144,121,34,0,0
2020,3,Phú Yên,Miền Trung,123,103,23,0,0
2020,3,Gia Lai,Tây Nguyên,214,187,67,1,1
2020,3,Đắk Lắk,Tây Nguyên,163,127,51,0,0
2020,3,Lâm Đồng,Tây Nguyên,168,120,42,1,1
2020,3,Kon Tum,Tây Nguyên,164,133,38,3,1
2020,3,Hồ Chí Minh,Miền Nam,138,112,35,2,0
2020,3,Cần Thơ,Miền Nam,158,103,39,0,0
2020,3,An Giang,Miền Nam,126,102,38,2,1
2020,3,Kiên Giang,Miền Nam,173,128,27,1,1
2020,3,Đồng Tháp,Miền Nam,150,119,37,2,2
2020,3,Bình Phước,Miền Nam,153,125,34,0,0
2020,3,Tây Ninh,Miền Nam,168,125,43,0,0
2020,4,Hà Nội,Miền Bắc,142,123,41,1,1
2020,4,Hải Phòng,Miền Bắc,152,113,46,0,0
2020,4,Quảng Ninh,Miền Bắc,134,117,24,0,0
2020,4,Bắc Giang,Miền Bắc,188,140,36,1,1
2020,4,Lạng Sơn,Miền Bắc,164,109,44,0,0
2020,4,Sơn La,Miền Bắc,132,104,34,0,0
2020,4,Thanh Hóa,Miền Bắc,144,117,38,0,0
2020,4,Nghệ An,Miền Bắc,173,146,59,0,0
2020,4,Đà Nẵng,Miền Trung,137,111,38,0,0
2020,4,Quảng Nam,Miền Trung,116,100,27,1,0
2020,4,Quảng Ngãi,Miền Trung,134,100,20,2,1
2020,4,Bình Định,Miền Trung,125,99,23,1,0
2020,4,Khánh Hòa,Miền Trung,150,106,24,0,0
2020,4,Phú Yên,Miền Trung,123,92,32,1,1
2020,4,Gia Lai,Tây Nguyên,198,156,55,2,0
2020,4,Đắk Lắk,Tây Nguyên,184,130,34,3,3
2020,4,Lâm Đồng,Tây Nguyên,196,147,27,0,0
2020,4,Kon Tum,Tây Nguyên,154,117,47,0,0
2020,4,Hồ Chí Minh,Miền Nam,136,108,26,0,0
2020,4,Cần Thơ,Miền Nam,138,95,32,3,2
2020,4,An Giang,Miền Nam,126,104,26,2,1
2020,4,Kiên Giang,Miền Nam,145,112,33,0,0
2020,4,Đồng Tháp,Miền Nam,156,131,50,1,1
2020,4,Bình Phước,Miền Nam,159,107,23,0,0
2020,4,Tây Ninh,Miền Nam,169,129,28,0,0
2020,5,Hà Nội,Miền Bắc,203,148,30,0,0
2020,5,Hải Phòng,Miền Bắc,174,122,23,1,0
2020,5,Quảng Ninh,Miền Bắc,148,110,31,1,1
2020,5,Bắc Giang,Miền Bắc,211,162,33,1,1
2020,5,Lạng Sơn,Miền Bắc,169,117,35,1,1
2020,5,Sơn La,Miền Bắc,168,118,21,1,0
2020,5,Thanh Hóa,Miền Bắc,181,131,48,1,0
2020,5,Nghệ An,Miền Bắc,196,144,53,1,1
2020,5,Đà Nẵng,Miền Trung,199,159,31,1,0
2020,5,Quảng Nam,Miền Trung,136,95,25,0,0
2020,5,Quảng Ngãi,Miền Trung,141,106,37,2,1
2020,5,Bình Định,Miền Trung,143,110,21,1,0
2020,5,Khánh Hòa,Miền Trung,165,112,38,2,0
2020,5,Phú Yên,Miền Trung,152,121,47,1,1
2020,5,Gia Lai,Tây Nguyên,198,139,32,2,2
2020,5,Đắk Lắk,Tây Nguyên,209,169,41,2,2
2020,5,Lâm Đồng,Tây Nguyên,203,168,60,0,0
2020,5,Kon Tum,Tây Nguyên,145,106,30,0,0
2020,5,Hồ Chí Minh,Miền Nam,129,109,25,1,1
2020,5,Cần Thơ,Miền Nam,158,138,52,1,1
2020,5,An Giang,Miền Nam,136,113,43,1,0
2020,5,Kiên Giang,Miền Nam,161,117,43,1,1
2020,5,Đồng Tháp,Miền Nam,158,104,39,1,0
2020,5,Bình Phước,Miền Nam,168,147,53,1,1
2020,5,Tây Ninh,Miền Nam,198,152,35,5,2
2020,6,Hà Nội,Miền Bắc,159,128,44,1,0
2020,6,Hải Phòng,Miền Bắc,168,136,39,2,1
2020,6,Quảng Ninh,Miền Bắc,150,130,40,1,0
2020,6,Bắc Giang,Miền Bắc,174,136,43,0,0
2020,6,Lạng Sơn,Miền Bắc,136,101,20,3,1
2020,6,Sơn La,Miền Bắc,164,136,57,0,0
2020,6,Thanh Hóa,Miền Bắc,176,153,44,1,1
2020,6,Nghệ An,Miền Bắc,165,109,25,0,0
2020,6,Đà Nẵng,Miền Trung,152,102,22,0,0
2020,6,Quảng Nam,Miền Trung,120,87,21,0,0
2020,6,Quảng Ngãi,Miền Trung,140,102,34,0,0
2020,6,Bình Định,Miền Trung,115,78,20,1,0
2020,6,Khánh Hòa,Miền Trung,138,115,24,1,1
2020,6,Phú Yên,Miền Trung,115,82,30,0,0
2020,6,Gia Lai,Tây Nguyên,198,161,51,3,1
2020,6,Đắk Lắk,Tây Nguyên,181,138,49,1,1
2020,6,Lâm Đồng,Tây Nguyên,179,147,30,0,0
2020,6,Kon Tum,Tây Nguyên,186,145,46,1,0
2020,6,Hồ Chí Minh,Miền Nam,126,85,26,0,0
2020,6,Cần Thơ,Miền Nam,148,102,38,0,0
2020,6,An Giang,Miền Nam,137,100,37,0,0
2020,6,Kiên Giang,Miền Nam,147,124,46,0,0
2020,6,Đồng Tháp,Miền Nam,151,105,40,0,0
2020,6,Bình Phước,Miền Nam,147,124,45,2,2
2020,6,Tây Ninh,Miền Nam,156,109,43,1,1
2020,7,Hà Nội,Miền Bắc,171,143,31,0,0
2020,7,Hải Phòng,Miền Bắc,140,107,35,2,0
2020,7,Quảng Ninh,Miền Bắc,128,107,23,0,0
2020,7,Bắc Giang,Miền Bắc,167,110,38,0,0
2020,7,Lạng Sơn,Miền Bắc,156,107,29,1,1
2020,7,Sơn La,Miền Bắc,150,129,35,0,0
2020,7,Thanh Hóa,Miền Bắc,146,102,26,0,0
2020,7,Nghệ An,Miền Bắc,199,157,53,0,0
2020,7,Đà Nẵng,Miền Trung,158,112,27,1,0
2020,7,Quảng Nam,Miền Trung,112,74,21,0,0
2020,7,Quảng Ngãi,Miền Trung,139,120,26,0,0
2020,7,Bình Định,Miền Trung,136,91,19,1,1
2020,7,Khánh Hòa,Miền Trung,133,109,39,2,2
2020,7,Phú Yên,Miền Trung,122,104,41,0,0
2020,7,Gia Lai,Tây Nguyên,194,134,30,1,1
2020,7,Đắk Lắk,Tây Nguyên,164,117,37,1,1
2020,7,Lâm Đồng,Tây Nguyên,181,156,58,2,2
2020,7,Kon Tum,Tây Nguyên,148,100,41,0,0
2020,7,Hồ Chí Minh,Miền Nam,100,81,15,1,0
2020,7,Cần Thơ,Miền Nam,147,127,47,1,1
2020,7,An Giang,Miền Nam,123,97,23,1,0
2020,7,Kiên Giang,Miền Nam,155,113,42,0,0
2020,7,Đồng Tháp,Miền Nam,124,93,27,1,0
2020,7,Bình Phước,Miền Nam,157,118,29,1,1
2020,7,Tây Ninh,Miền Nam,151,103,34,2,1
2020,8,Hà Nội,Miền Bắc,172,114,30,1,0
2020,8,Hải Phòng,Miền Bắc,144,102,20,0,0
2020,8,Quảng Ninh,Miền Bắc,113,90,17,0,0
2020,8,Bắc Giang,Miền Bắc,143,120,22,0,0
2020,8,Lạng Sơn,Miền Bắc,127,98,23,1,1
2020,8,Sơn La,Miền Bắc,151,120,33,1,1
2020,8,Thanh Hóa,Miền Bắc,120,92,35,0,0
2020,8,Nghệ An,Miền Bắc,155,109,41,1,0
2020,8,Đà Nẵng,Miền Trung,124,88,15,2,2
2020,8,Quảng Nam,Miền Trung,118,103,19,1,1
2020,8,Quảng Ngãi,Miền Trung,137,98,30,0,0
2020,8,Bình Định,Miền Trung,95,70,25,1,1
2020,8,Khánh Hòa,Miền Trung,127,89,16,2,0
2020,8,Phú Yên,Miền Trung,134,88,16,1,1
2020,8,Gia Lai,Tây Nguyên,164,128,35,2,2
2020,8,Đắk Lắk,Tây Nguyên,155,129,30,0,0
2020,8,Lâm Đồng,Tây Nguyên,139,101,39,0,0
2020,8,Kon Tum,Tây Nguyên,123,81,24,0,0
2020,8,Hồ Chí Minh,Miền Nam,106,81,17,1,1
2020,8,Cần Thơ,Miền Nam,128,103,19,0,0
2020,8,An Giang,Miền Nam,111,77,25,0,0
2020,8,Kiên Giang,Miền Nam,136,101,24,2,2
2020,8,Đồng Tháp,Miền Nam,116,101,21,3,1
2020,8,Bình Phước,Miền Nam,137,102,26,2,1
2020,8,Tây Ninh,Miền Nam,150,125,23,2,1
2020,9,Hà Nội,Miền Bắc,105,91,31,1,1
2020,9,Hải Phòng,Miền Bắc,117,83,30,0,0
2020,9,Quảng Ninh,Miền Bắc,101,80,28,0,0
2020,9,Bắc Giang,Miền Bắc,105,82,31,0,0
2020,9,Lạng Sơn,Miền Bắc,122,92,37,0,0
2020,9,Sơn La,Miền Bắc,107,71,17,0,0
2020,9,Thanh Hóa,Miền Bắc,114,88,19,0,0
2020,9,Nghệ An,Miền Bắc,133,101,19,0,0
2020,9,Đà Nẵng,Miền Trung,110,94,26,0,0
2020,9,Quảng Nam,Miền Trung,95,73,25,2,0
2020,9,Quảng Ngãi,Miền Trung,103,73,16,1,1
2020,9,Bình Định,Miền Trung,92,67,14,0,0
2020,9,Khánh Hòa,Miền Trung,105,77,27,1,1
2020,9,Phú Yên,Miền Trung,96,64,19,0,0
2020,9,Gia Lai,Tây Nguyên,144,101,20,0,0
2020,9,Đắk Lắk,Tây Nguyên,112,98,28,0,0
2020,9,Lâm Đồng,Tây Nguyên,132,95,24,0,0
2020,9,Kon Tum,Tây Nguyên,115,83,17,1,0
2020,9,Hồ Chí Minh,Miền Nam,97,82,24,1,1
2020,9,Cần Thơ,Miền Nam,112,77,16,1,1
2020,9,An Giang,Miền Nam,74,58,18,0,0
2020,9,Kiên Giang,Miền Nam,122,80,23,1,0
2020,9,Đồng Tháp,Miền Nam,116,90,31,0,0
2020,9,Bình Phước,Miền Nam,113,78,27,1,1
2020,9,Tây Ninh,Miền Nam,124,90,30,0,0
2020,10,Hà Nội,Miền Bắc,126,93,37,0,0
2020,10,Hải Phòng,Miền Bắc,97,84,22,0,0
2020,10,Quảng Ninh,Miền Bắc,88,60,20,1,1
2020,10,Bắc Giang,Miền Bắc,121,97,27,1,0
2020,10,Lạng Sơn,Miền Bắc,99,78,24,0,0
2020,10,Sơn La,Miền Bắc,100,74,16,1,1
2020,10,Thanh Hóa,Miền Bắc,109,90,27,0,0
2020,10,Nghệ An,Miền Bắc,129,95,23,0,0
2020,10,Đà Nẵng,Miền Trung,91,71,14,2,2
2020,10,Quảng Nam,Miền Trung,80,54,21,1,1
2020,10,Quảng Ngãi,Miền Trung,109,87,25,2,2
2020,10,Bình Định,Miền Trung,89,58,18,1,1
2020,10,Khánh Hòa,Miền Trung,109,79,29,1,0
2020,10,Phú Yên,Miền Trung,94,81,25,1,1
2020,10,Gia Lai,Tây Nguyên,140,107,25,1,1
2020,10,Đắk Lắk,Tây Nguyên,122,90,27,0,0
2020,10,Lâm Đồng,Tây Nguyên,122,83,25,0,0
2020,10,Kon Tum,Tây Nguyên,88,68,26,0,0
2020,10,Hồ Chí Minh,Miền Nam,112,75,14,0,0
2020,10,Cần Thơ,Miền Nam,107,70,28,1,0
2020,10,An Giang,Miền Nam,78,60,14,0,0
2020,10,Kiên Giang,Miền Nam,138,101,31,0,0
2020,10,Đồng Tháp,Miền Nam,103,78,21,0,0
2020,10,Bình Phước,Miền Nam,101,67,27,1,1
2020,10,Tây Ninh,Miền Nam,100,80,24,0,0
2020,11,Hà Nội,Miền Bắc,140,100,26,2,1
2020,11,Hải Phòng,Miền Bắc,112,77,28,0,0
2020,11,Quảng Ninh,Miền Bắc,102,79,30,2,2
2020,11,Bắc Giang,Miền Bắc,133,90,19,4,2
2020,11,Lạng Sơn,Miền Bắc,117,88,27,1,1
2020,11,Sơn La,Miền Bắc,110,89,28,2,2
2020,11,Thanh Hóa,Miền Bắc,103,78,19,1,0
2020,11,Nghệ An,Miền Bắc,118,79,26,1,0
2020,11,Đà Nẵng,Miền Trung,96,81,25,1,1
2020,11,Quảng Nam,Miền Trung,91,64,14,0,0
2020,11,Quảng Ngãi,Miền Trung,103,80,22,1,0
2020,11,Bình Định,Miền Trung,88,62,17,1,0
2020,11,Khánh Hòa,Miền Trung,115,89,30,3,1
2020,11,Phú Yên,Miền Trung,109,76,16,1,1
2020,11,Gia Lai,Tây Nguyên,134,93,38,2,1
2020,11,Đắk Lắk,Tây Nguyên,126,101,35,1,1
2020,11,Lâm Đồng,Tây Nguyên,138,102,24,0,0
2020,11,Kon Tum,Tây Nguyên,106,90,34,0,0
2020,11,Hồ Chí Minh,Miền Nam,114,82,15,0,0
2020,11,Cần Thơ,Miền Nam,94,67,25,1,0
2020,11,An Giang,Miền Nam,102,82,33,1,0
2020,11,Kiên Giang,Miền Nam,118,85,31,1,1
2020,11,Đồng Tháp,Miền Nam,96,65,22,1,0
2020,11,Bình Phước,Miền Nam,97,79,23,1,0
2020,11,Tây Ninh,Miền Nam,116,94,28,1,0
2020,12,Hà Nội,Miền Bắc,138,116,39,1,1
2020,12,Hải Phòng,Miền Bắc,139,121,41,1,0
2020,12,Quảng Ninh,Miền Bắc,96,71,15,0,0
2020,12,Bắc Giang,Miền Bắc,139,102,27,0,0
2020,12,Lạng Sơn,Miền Bắc,124,105,31,1,1
2020,12,Sơn La,Miền Bắc,120,89,32,0,0
2020,12,Thanh Hóa,Miền Bắc,130,97,28,0,0
2020,12,Nghệ An,Miền Bắc,150,108,34,1,1
2020,12,Đà Nẵng,Miền Trung,112,72,28,2,0
2020,12,Quảng Nam,Miền Trung,94,72,18,0,0
2020,12,Quảng Ngãi,Miền Trung,122,82,15,1,0
2020,12,Bình Định,Miền Trung,69,57,14,0,0
2020,12,Khánh Hòa,Miền Trung,114,96,37,0,0
2020,12,Phú Yên,Miền Trung,110,96,28,2,0
2020,12,Gia Lai,Tây Nguyên,167,135,35,0,0
2020,12,Đắk Lắk,Tây Nguyên,136,114,29,1,1
2020,12,Lâm Đồng,Tây Nguyên,128,91,25,0,0
2020,12,Kon Tum,Tây Nguyên,118,79,32,0,0
2020,12,Hồ Chí Minh,Miền Nam,92,66,14,1,1
2020,12,Cần Thơ,Miền Nam,106,82,16,1,1
2020,12,An Giang,Miền Nam,101,87,34,2,2
2020,12,Kiên Giang,Miền Nam,133,95,28,2,1
2020,12,Đồng Tháp,Miền Nam,107,76,31,1,0
2020,12,Bình Phước,Miền Nam,114,77,27,0,0
2020,12,Tây Ninh,Miền Nam,133,105,23,0,0
2021,1,Hà Nội,Miền Bắc,165,137,26,0,0
2021,1,Hải Phòng,Miền Bắc,133,97,20,2,0
2021,1,Quảng Ninh,Miền Bắc,107,85,27,1,1
2021,1,Bắc Giang,Miền Bắc,142,121,31,1,1
2021,1,Lạng Sơn,Miền Bắc,130,86,18,0,0
2021,1,Sơn La,Miền Bắc,116,100,21,1,1
2021,1,Thanh Hóa,Miền Bắc,135,92,36,0,0
2021,1,Nghệ An,Miền Bắc,155,112,45,2,0
2021,1,Đà Nẵng,Miền Trung,129,105,42,0,0
2021,1,Quảng Nam,Miền Trung,107,78,31,1,1
2021,1,Quảng Ngãi,Miền Trung,129,111,36,3,1
2021,1,Bình Định,Miền Trung,114,90,20,1,1
2021,1,Khánh Hòa,Miền Trung,121,103,31,1,1
2021,1,Phú Yên,Miền Trung,106,89,27,0,0
2021,1,Gia Lai,Tây Nguyên,180,147,53,2,2
2021,1,Đắk Lắk,Tây Nguyên,162,122,46,0,0
2021,1,Lâm Đồng,Tây Nguyên,174,144,55,0,0
2021,1,Kon Tum,Tây Nguyên,132,107,33,1,1
2021,1,Hồ Chí Minh,Miền Nam,124,93,38,2,2
2021,1,Cần Thơ,Miền Nam,135,92,24,2,1
2021,1,An Giang,Miền Nam,120,94,27,1,1
2021,1,Kiên Giang,Miền Nam,124,99,28,0,0
2021,1,Đồng Tháp,Miền Nam,125,108,43,1,1
2021,1,Bình Phước,Miền Nam,153,118,42,1,1
2021,1,Tây Ninh,Miền Nam,139,92,18,1,1
2021,2,Hà Nội,Miền Bắc,164,107,20,1,0
2021,2,Hải Phòng,Miền Bắc,167,124,23,1,1
2021,2,Quảng Ninh,Miền Bắc,122,100,41,2,2
2021,2,Bắc Giang,Miền Bắc,161,138,26,2,2
2021,2,Lạng Sơn,Miền Bắc,133,115,31,1,0
2021,2,Sơn La,Miền Bắc,146,114,41,0,0
2021,2,Thanh Hóa,Miền Bắc,162,138,45,0,0
2021,2,Nghệ An,Miền Bắc,166,142,51,1,0
2021,2,Đà Nẵng,Miền Trung,141,111,21,0,0
2021,2,Quảng Nam,Miền Trung,117,102,23,0,0
2021,2,Quảng Ngãi,Miền Trung,134,100,31,0,0
2021,2,Bình Định,Miền Trung,98,84,22,1,1
2021,2,Khánh Hòa,Miền Trung,130,92,23,3,2
2021,2,Phú Yên,Miền Trung,121,90,34,0,0
2021,2,Gia Lai,Tây Nguyên,217,157,56,1,0
2021,2,Đắk Lắk,Tây Nguyên,161,115,33,0,0
2021,2,Lâm Đồng,Tây Nguyên,167,110,35,1,0
2021,2,Kon Tum,Tây Nguyên,143,106,31,0,0
2021,2,Hồ Chí Minh,Miền Nam,127,83,22,1,0
2021,2,Cần Thơ,Miền Nam,152,126,48,1,0
2021,2,An Giang,Miền Nam,131,111,32,0,0
2021,2,Kiên Giang,Miền Nam,158,134,30,2,2
2021,2,Đồng Tháp,Miền Nam,123,88,32,0,0
2021,2,Bình Phước,Miền Nam,134,97,39,0,0
2021,2,Tây Ninh,Miền Nam,151,132,25,0,0
2021,3,Hà Nội,Miền Bắc,179,123,23,0,0
2021,3,Hải Phòng,Miền Bắc,172,130,42,1,1
2021,3,Quảng Ninh,Miền Bắc,132,100,27,2,0
2021,3,Bắc Giang,Miền Bắc,215,162,39,1,1
2021,3,Lạng Sơn,Miền Bắc,164,112,31,1,1
2021,3,Sơn La,Miền Bắc,179,139,55,0,0
2021,3,Thanh Hóa,Miền Bắc,135,117,36,0,0
2021,3,Nghệ An,Miền Bắc,174,140,49,1,1
2021,3,Đà Nẵng,Miền Trung,150,105,32,1,1
2021,3,Quảng Nam,Miền Trung,113,82,23,1,1
2021,3,Quảng Ngãi,Miền Trung,144,110,26,0,0
2021,3,Bình Định,Miền Trung,128,96,39,2,1
2021,3,Khánh Hòa,Miền Trung,138,104,28,1,0
2021,3,Phú Yên,Miền Trung,124,106,43,0,0
2021,3,Gia Lai,Tây Nguyên,190,153,37,1,0
2021,3,Đắk Lắk,Tây Nguyên,177,135,34,0,0
2021,3,Lâm Đồng,Tây Nguyên,179,140,58,0,0
2021,3,Kon Tum,Tây Nguyên,161,127,25,1,0
2021,3,Hồ Chí Minh,Miền Nam,118,77,29,0,0
2021,3,Cần Thơ,Miền Nam,142,123,24,0,0
2021,3,An Giang,Miền Nam,127,98,20,0,0
2021,3,Kiên Giang,Miền Nam,155,115,40,0,0
2021,3,Đồng Tháp,Miền Nam,138,120,49,1,0
2021,3,Bình Phước,Miền Nam,144,119,45,1,1
2021,3,Tây Ninh,Miền Nam,155,128,32,1,0
2021,4,Hà Nội,Miền Bắc,163,128,51,0,0
2021,4,Hải Phòng,Miền Bắc,175,124,36,0,0
2021,4,Quảng Ninh,Miền Bắc,140,109,36,1,1
2021,4,Bắc Giang,Miền Bắc,184,130,37,0,0
2021,4,Lạng Sơn,Miền Bắc,188,152,31,3,1
2021,4,Sơn La,Miền Bắc,154,101,33,0,0
2021,4,Thanh Hóa,Miền Bắc,156,120,25,2,0
2021,4,Nghệ An,Miền Bắc,207,156,32,3,0
2021,4,Đà Nẵng,Miền Trung,125,85,20,0,0
2021,4,Quảng Nam,Miền Trung,151,127,44,0,0
2021,4,Quảng Ngãi,Miền Trung,166,132,34,1,0
2021,4,Bình Định,Miền Trung,133,116,48,0,0
2021,4,Khánh Hòa,Miền Trung,158,126,26,3,1
2021,4,Phú Yên,Miền Trung,134,100,29,2,2
2021,4,Gia Lai,Tây Nguyên,210,171,41,1,1
2021,4,Đắk Lắk,Tây Nguyên,206,155,30,2,0
2021,4,Lâm Đồng,Tây Nguyên,205,159,35,0,0
2021,4,Kon Tum,Tây Nguyên,178,146,27,1,1
2021,4,Hồ Chí Minh,Miền Nam,133,92,20,0,0
2021,4,Cần Thơ,Miền Nam,160,104,19,2,1
2021,4,An Giang,Miền Nam,143,112,40,1,1
2021,4,Kiên Giang,Miền Nam,174,117,43,1,1
2021,4,Đồng Tháp,Miền Nam,155,110,36,0,0
2021,4,Bình Phước,Miền Nam,188,147,32,1,1
2021,4,Tây Ninh,Miền Nam,149,114,45,0,0
2021,5,Hà Nội,Miền Bắc,194,133,45,2,1
2021,5,Hải Phòng,Miền Bắc,170,132,31,1,1
2021,5,Quảng Ninh,Miền Bắc,146,117,29,0,0
2021,5,Bắc Giang,Miền Bắc,190,129,26,1,0
2021,5,Lạng Sơn,Miền Bắc,184,123,27,2,1
2021,5,Sơn La,Miền Bắc,173,114,32,4,2
2021,5,Thanh Hóa,Miền Bắc,183,151,60,1,1
2021,5,Nghệ An,Miền Bắc,231,159,62,1,0
2021,5,Đà Nẵng,Miền Trung,187,152,36,1,0
2021,5,Quảng Nam,Miền Trung,124,87,29,0,0
2021,5,Quảng Ngãi,Miền Trung,174,113,45,0,0
2021,5,Bình Định,Miền Trung,125,100,41,1,1
2021,5,Khánh Hòa,Miền Trung,143,96,23,1,0
2021,5,Phú Yên,Miền Trung,144,126,47,0,0
2021,5,Gia Lai,Tây Nguyên,191,129,41,3,2
2021,5,Đắk Lắk,Tây Nguyên,196,172,50,2,0
2021,5,Lâm Đồng,Tây Nguyên,198,157,43,0,0
2021,5,Kon Tum,Tây Nguyên,150,127,30,0,0
2021,5,Hồ Chí Minh,Miền Nam,150,114,24,3,3
2021,5,Cần Thơ,Miền Nam,166,124,44,0,0
2021,5,An Giang,Miền Nam,158,110,26,2,0
2021,5,Kiên Giang,Miền Nam,190,144,32,1,1
2021,5,Đồng Tháp,Miền Nam,179,134,47,1,1
2021,5,Bình Phước,Miền Nam,163,125,41,1,1
2021,5,Tây Ninh,Miền Nam,190,130,36,2,2
2021,6,Hà Nội,Miền Bắc,164,115,40,2,2
2021,6,Hải Phòng,Miền Bắc,178,124,29,0,0
2021,6,Quảng Ninh,Miền Bắc,137,89,34,1,1
2021,6,Bắc Giang,Miền Bắc,172,143,46,0,0
2021,6,Lạng Sơn,Miền Bắc,174,127,46,1,1
2021,6,Sơn La,Miền Bắc,178,119,48,2,1
2021,6,Thanh Hóa,Miền Bắc,133,102,32,1,1
2021,6,Nghệ An,Miền Bắc,196,157,59,0,0
2021,6,Đà Nẵng,Miền Trung,159,121,23,1,1
2021,6,Quảng Nam,Miền Trung,119,94,20,1,1
2021,6,Quảng Ngãi,Miền Trung,161,132,27,1,0
2021,6,Bình Định,Miền Trung,112,79,30,0,0
2021,6,Khánh Hòa,Miền Trung,157,124,32,1,1
2021,6,Phú Yên,Miền Trung,123,96,20,0,0
2021,6,Gia Lai,Tây Nguyên,191,157,32,3,2
2021,6,Đắk Lắk,Tây Nguyên,191,160,44,0,0
2021,6,Lâm Đồng,Tây Nguyên,191,134,49,1,0
2021,6,Kon Tum,Tây Nguyên,190,130,37,0,0
2021,6,Hồ Chí Minh,Miền Nam,136,99,28,1,1
2021,6,Cần Thơ,Miền Nam,149,97,27,1,1
2021,6,An Giang,Miền Nam,153,130,34,1,1
2021,6,Kiên Giang,Miền Nam,151,130,53,0,0
2021,6,Đồng Tháp,Miền Nam,171,121,42,2,2
2021,6,Bình Phước,Miền Nam,172,123,26,0,0
2021,6,Tây Ninh,Miền Nam,165,127,25,0,0
2021,7,Hà Nội,Miền Bắc,146,126,41,1,1
2021,7,Hải Phòng,Miền Bắc,143,108,35,2,0
2021,7,Quảng Ninh,Miền Bắc,118,96,33,0,0
2021,7,Bắc Giang,Miền Bắc,189,135,32,1,1
2021,7,Lạng Sơn,Miền Bắc,141,111,21,1,1
2021,7,Sơn La,Miền Bắc,141,98,20,1,0
2021,7,Thanh Hóa,Miền Bắc,142,97,33,3,2
2021,7,Nghệ An,Miền Bắc,175,139,28,1,1
2021,7,Đà Nẵng,Miền Trung,129,94,34,1,1
2021,7,Quảng Nam,Miền Trung,128,93,19,1,0
2021,7,Quảng Ngãi,Miền Trung,145,124,38,0,0
2021,7,Bình Định,Miền Trung,115,91,30,3,1
2021,7,Khánh Hòa,Miền Trung,125,101,20,0,0
2021,7,Phú Yên,Miền Trung,116,75,20,1,0
2021,7,Gia Lai,Tây Nguyên,179,151,32,4,2
2021,7,Đắk Lắk,Tây Nguyên,180,127,33,1,1
2021,7,Lâm Đồng,Tây Nguyên,165,140,39,2,0
2021,7,Kon Tum,Tây Nguyên,143,121,31,0,0
2021,7,Hồ Chí Minh,Miền Nam,132,109,31,1,1
2021,7,Cần Thơ,Miền Nam,149,109,33,1,0
2021,7,An Giang,Miền Nam,136,108,20,1,1
2021,7,Kiên Giang,Miền Nam,190,143,27,0,0
2021,7,Đồng Tháp,Miền Nam,146,111,26,1,1
2021,7,Bình Phước,Miền Nam,154,129,36,0,0
2021,7,Tây Ninh,Miền Nam,160,104,31,0,0
2021,8,Hà Nội,Miền Bắc,154,134,41,2,1
2021,8,Hải Phòng,Miền Bắc,142,103,22,1,1
2021,8,Quảng Ninh,Miền Bắc,109,89,33,2,2
2021,8,Bắc Giang,Miền Bắc,170,132,26,1,0
2021,8,Lạng Sơn,Miền Bắc,136,98,28,3,3
2021,8,Sơn La,Miền Bắc,131,97,22,0,0
2021,8,Thanh Hóa,Miền Bắc,134,110,33,1,0
2021,8,Nghệ An,Miền Bắc,162,140,50,0,0
2021,8,Đà Nẵng,Miền Trung,137,118,46,1,1
2021,8,Quảng Nam,Miền Trung,112,73,25,0,0
2021,8,Quảng Ngãi,Miền Trung,140,122,36,0,0
2021,8,Bình Định,Miền Trung,111,97,27,0,0
2021,8,Khánh Hòa,Miền Trung,145,114,31,0,0
2021,8,Phú Yên,Miền Trung,113,91,37,0,0
2021,8,Gia Lai,Tây Nguyên,190,147,28,4,3
2021,8,Đắk Lắk,Tây Nguyên,162,105,23,2,1
2021,8,Lâm Đồng,Tây Nguyên,159,138,29,0,0
2021,8,Kon Tum,Tây Nguyên,148,98,28,0,0
2021,8,Hồ Chí Minh,Miền Nam,96,79,31,1,1
2021,8,Cần Thơ,Miền Nam,137,115,40,1,1
2021,8,An Giang,Miền Nam,114,88,34,1,0
2021,8,Kiên Giang,Miền Nam,154,116,37,0,0
2021,8,Đồng Tháp,Miền Nam,119,79,24,0,0
2021,8,Bình Phước,Miền Nam,122,88,26,1,0
2021,8,Tây Ninh,Miền Nam,139,114,46,0,0
2021,9,Hà Nội,Miền Bắc,119,93,20,0,0
2021,9,Hải Phòng,Miền Bắc,124,91,25,1,1
2021,9,Quảng Ninh,Miền Bắc,115,84,26,3,2
2021,9,Bắc Giang,Miền Bắc,130,95,36,1,0
2021,9,Lạng Sơn,Miền Bắc,137,105,33,0,0
2021,9,Sơn La,Miền Bắc,122,82,17,1,0
2021,9,Thanh Hóa,Miền Bắc,122,80,16,1,1
2021,9,Nghệ An,Miền Bắc,131,101,38,0,0
2021,9,Đà Nẵng,Miền Trung,120,93,32,0,0
2021,9,Quảng Nam,Miền Trung,79,60,20,0,0
2021,9,Quảng Ngãi,Miền Trung,129,86,24,2,2
2021,9,Bình Định,Miền Trung,102,86,22,0,0
2021,9,Khánh Hòa,Miền Trung,96,67,17,0,0
2021,9,Phú Yên,Miền Trung,91,68,17,2,1
2021,9,Gia Lai,Tây Nguyên,139,98,19,0,0
2021,9,Đắk Lắk,Tây Nguyên,148,104,32,1,0
2021,9,Lâm Đồng,Tây Nguyên,127,83,22,0,0
2021,9,Kon Tum,Tây Nguyên,114,94,21,2,1
2021,9,Hồ Chí Minh,Miền Nam,87,71,19,0,0
2021,9,Cần Thơ,Miền Nam,111,95,29,2,1
2021,9,An Giang,Miền Nam,94,70,16,0,0
2021,9,Kiên Giang,Miền Nam,131,110,31,1,1
2021,9,Đồng Tháp,Miền Nam,103,89,23,0,0
2021,9,Bình Phước,Miền Nam,114,74,17,1,1
2021,9,Tây Ninh,Miền Nam,115,89,22,0,0
2021,10,Hà Nội,Miền Bắc,133,117,29,0,0
2021,10,Hải Phòng,Miền Bắc,102,72,26,2,2
2021,10,Quảng Ninh,Miền Bắc,93,76,21,1,1
2021,10,Bắc Giang,Miền Bắc,135,116,43,1,1
2021,10,Lạng Sơn,Miền Bắc,114,99,25,0,0
2021,10,Sơn La,Miền Bắc,109,73,16,0,0
2021,10,Thanh Hóa,Miền Bắc,108,88,24,0,0
2021,10,Nghệ An,Miền Bắc,124,82,15,1,0
2021,10,Đà Nẵng,Miền Trung,126,102,30,2,0
2021,10,Quảng Nam,Miền Trung,80,64,17,1,0
2021,10,Quảng Ngãi,Miền Trung,125,91,29,0,0
2021,10,Bình Định,Miền Trung,77,51,20,0,0
2021,10,Khánh Hòa,Miền Trung,99,77,15,0,0
2021,10,Phú Yên,Miền Trung,112,92,16,0,0
2021,10,Gia Lai,Tây Nguyên,145,124,41,0,0
2021,10,Đắk Lắk,Tây Nguyên,110,79,21,0,0
2021,10,Lâm Đồng,Tây Nguyên,132,101,20,1,1
2021,10,Kon Tum,Tây Nguyên,119,98,22,0,0
2021,10,Hồ Chí Minh,Miền Nam,90,77,17,0,0
2021,10,Cần Thơ,Miền Nam,96,72,28,1,0
2021,10,An Giang,Miền Nam,103,74,20,0,0
2021,10,Kiên Giang,Miền Nam,107,85,20,0,0
2021,10,Đồng Tháp,Miền Nam,93,78,23,0,0
2021,10,Bình Phước,Miền Nam,99,68,18,1,0
2021,10,Tây Ninh,Miền Nam,90,70,22,0,0
2021,11,Hà Nội,Miền Bắc,121,98,32,0,0
2021,11,Hải Phòng,Miền Bắc,101,68,27,0,0
2021,11,Quảng Ninh,Miền Bắc,93,71,18,2,1
2021,11,Bắc Giang,Miền Bắc,121,79,28,0,0
2021,11,Lạng Sơn,Miền Bắc,116,97,25,1,0
2021,11,Sơn La,Miền Bắc,112,97,32,0,0
2021,11,Thanh Hóa,Miền Bắc,99,72,24,0,0
2021,11,Nghệ An,Miền Bắc,123,81,22,1,0
2021,11,Đà Nẵng,Miền Trung,119,82,25,3,2
2021,11,Quảng Nam,Miền Trung,84,72,22,1,0
2021,11,Quảng Ngãi,Miền Trung,85,71,25,0,0
2021,11,Bình Định,Miền Trung,86,55,13,0,0
2021,11,Khánh Hòa,Miền Trung,96,68,15,0,0
2021,11,Phú Yên,Miền Trung,110,73,19,1,0
2021,11,Gia Lai,Tây Nguyên,156,119,22,1,0
2021,11,Đắk Lắk,Tây Nguyên,126,98,28,1,1
2021,11,Lâm Đồng,Tây Nguyên,130,89,35,0,0
2021,11,Kon Tum,Tây Nguyên,120,83,24,1,1
2021,11,Hồ Chí Minh,Miền Nam,103,88,35,1,0
2021,11,Cần Thơ,Miền Nam,98,64,19,0,0
2021,11,An Giang,Miền Nam,86,64,21,0,0
2021,11,Kiên Giang,Miền Nam,121,94,31,1,0
2021,11,Đồng Tháp,Miền Nam,102,81,14,1,1
2021,11,Bình Phước,Miền Nam,118,86,27,1,0
2021,11,Tây Ninh,Miền Nam,110,72,17,1,0
2021,12,Hà Nội,Miền Bắc,131,100,39,1,1
2021,12,Hải Phòng,Miền Bắc,128,95,28,0,0
2021,12,Quảng Ninh,Miền Bắc,99,85,21,0,0
2021,12,Bắc Giang,Miền Bắc,148,112,40,2,2
2021,12,Lạng Sơn,Miền Bắc,135,94,26,2,1
2021,12,Sơn La,Miền Bắc,121,87,27,1,0
2021,12,Thanh Hóa,Miền Bắc,129,109,31,0,0
2021,12,Nghệ An,Miền Bắc,135,115,31,1,0
2021,12,Đà Nẵng,Miền Trung,127,97,22,0,0
2021,12,Quảng Nam,Miền Trung,107,75,30,1,1
2021,12,Quảng Ngãi,Miền Trung,121,101,31,0,0
2021,12,Bình Định,Miền Trung,118,80,24,0,0
2021,12,Khánh Hòa,Miền Trung,132,93,25,0,0
2021,12,Phú Yên,Miền Trung,114,78,19,0,0
2021,12,Gia Lai,Tây Nguyên,141,109,38,3,1
2021,12,Đắk Lắk,Tây Nguyên,159,137,38,0,0
2021,12,Lâm Đồng,Tây Nguyên,142,110,28,1,1
2021,12,Kon Tum,Tây Nguyên,139,107,26,0,0
2021,12,Hồ Chí Minh,Miền Nam,106,72,26,2,2
2021,12,Cần Thơ,Miền Nam,119,82,27,0,0
2021,12,An Giang,Miền Nam,114,79,21,0,0
2021,12,Kiên Giang,Miền Nam,126,109,36,0,0
2021,12,Đồng Tháp,Miền Nam,110,79,16,1,1
2021,12,Bình Phước,Miền Nam,110,85,21,3,1
2021,12,Tây Ninh,Miền Nam,114,83,27,0,0
2022,1,Hà Nội,Miền Bắc,149,127,24,2,2
2022,1,Hải Phòng,Miền Bắc,142,100,30,1,0
2022,1,Quảng Ninh,Miền Bắc,109,75,23,0,0
2022,1,Bắc Giang,Miền Bắc,161,113,21,0,0
2022,1,Lạng Sơn,Miền Bắc,149,129,35,1,1
2022,1,Sơn La,Miền Bắc,130,99,30,0,0
2022,1,Thanh Hóa,Miền Bắc,163,138,48,1,1
2022,1,Nghệ An,Miền Bắc,167,143,48,1,1
2022,1,Đà Nẵng,Miền Trung,130,87,24,0,0
2022,1,Quảng Nam,Miền Trung,117,78,32,0,0
2022,1,Quảng Ngãi,Miền Trung,134,87,32,1,0
2022,1,Bình Định,Miền Trung,125,88,17,1,1
2022,1,Khánh Hòa,Miền Trung,162,127,35,1,1
2022,1,Phú Yên,Miền Trung,107,87,19,1,1
2022,1,Gia Lai,Tây Nguyên,168,134,33,1,1
2022,1,Đắk Lắk,Tây Nguyên,152,103,34,0,0
2022,1,Lâm Đồng,Tây Nguyên,146,106,37,1,1
2022,1,Kon Tum,Tây Nguyên,129,109,45,1,1
2022,1,Hồ Chí Minh,Miền Nam,132,97,26,2,0
2022,1,Cần Thơ,Miền Nam,137,104,35,0,0
2022,1,An Giang,Miền Nam,132,96,20,0,0
2022,1,Kiên Giang,Miền Nam,147,118,33,3,2
2022,1,Đồng Tháp,Miền Nam,140,112,34,1,1
2022,1,Bình Phước,Miền Nam,130,112,42,1,1
2022,1,Tây Ninh,Miền Nam,134,88,23,1,1
2022,2,Hà Nội,Miền Bắc,167,118,23,0,0
2022,2,Hải Phòng,Miền Bắc,146,123,42,1,1
2022,2,Quảng Ninh,Miền Bắc,117,97,23,3,2
2022,2,Bắc Giang,Miền Bắc,175,143,48,0,0
2022,2,Lạng Sơn,Miền Bắc,165,141,56,0,0
2022,2,Sơn La,Miền Bắc,161,118,36,0,0
2022,2,Thanh Hóa,Miền Bắc,159,109,34,3,3
2022,2,Nghệ An,Miền Bắc,155,130,46,1,1
2022,2,Đà Nẵng,Miền Trung,138,95,30,1,1
2022,2,Quảng Nam,Miền Trung,111,76,30,0,0
2022,2,Quảng Ngãi,Miền Trung,140,101,36,1,1
2022,2,Bình Định,Miền Trung,120,102,29,2,2
2022,2,Khánh Hòa,Miền Trung,142,93,26,0,0
2022,2,Phú Yên,Miền Trung,127,87,30,1,0
2022,2,Gia Lai,Tây Nguyên,167,111,41,3,2
2022,2,Đắk Lắk,Tây Nguyên,172,137,47,1,1
2022,2,Lâm Đồng,Tây Nguyên,178,146,60,0,0
2022,2,Kon Tum,Tây Nguyên,151,114,23,2,0
2022,2,Hồ Chí Minh,Miền Nam,104,73,23,2,2
2022,2,Cần Thơ,Miền Nam,143,93,29,1,1
2022,2,An Giang,Miền Nam,127,110,25,1,1
2022,2,Kiên Giang,Miền Nam,145,108,43,1,0
2022,2,Đồng Tháp,Miền Nam,150,119,47,0,0
2022,2,Bình Phước,Miền Nam,155,122,26,1,1
2022,2,Tây Ninh,Miền Nam,149,102,35,0,0
2022,3,Hà Nội,Miền Bắc,173,142,34,2,2
2022,3,Hải Phòng,Miền Bắc,158,106,37,1,1
2022,3,Quảng Ninh,Miền Bắc,132,113,34,0,0
2022,3,Bắc Giang,Miền Bắc,184,158,29,1,1
2022,3,Lạng Sơn,Miền Bắc,152,108,20,0,0
2022,3,Sơn La,Miền Bắc,139,113,43,0,0
2022,3,Thanh Hóa,Miền Bắc,133,99,23,1,0
2022,3,Nghệ An,Miền Bắc,192,141,39,1,0
2022,3,Đà Nẵng,Miền Trung,148,99,22,0,0
2022,3,Quảng Nam,Miền Trung,118,80,23,1,0
2022,3,Quảng Ngãi,Miền Trung,161,107,31,3,0
2022,3,Bình Định,Miền Trung,120,99,24,0,0
2022,3,Khánh Hòa,Miền Trung,144,101,21,0,0
2022,3,Phú Yên,Miền Trung,112,73,24,0,0
2022,3,Gia Lai,Tây Nguyên,197,128,48,0,0
2022,3,Đắk Lắk,Tây Nguyên,189,151,41,1,0
2022,3,Lâm Đồng,Tây Nguyên,190,128,48,0,0
2022,3,Kon Tum,Tây Nguyên,155,115,24,1,1
2022,3,Hồ Chí Minh,Miền Nam,131,111,35,0,0
2022,3,Cần Thơ,Miền Nam,149,98,40,0,0
2022,3,An Giang,Miền Nam,147,112,43,0,0
2022,3,Kiên Giang,Miền Nam,172,111,26,1,0
2022,3,Đồng Tháp,Miền Nam,152,105,20,1,0
2022,3,Bình Phước,Miền Nam,168,140,51,1,1
2022,3,Tây Ninh,Miền Nam,161,118,39,1,1
2022,4,Hà Nội,Miền Bắc,204,177,34,1,1
2022,4,Hải Phòng,Miền Bắc,154,131,33,0,0
2022,4,Quảng Ninh,Miền Bắc,140,91,22,0,0
2022,4,Bắc Giang,Miền Bắc,185,162,53,0,0
2022,4,Lạng Sơn,Miền Bắc,190,130,52,3,1
2022,4,Sơn La,Miền Bắc,171,128,47,2,1
2022,4,Thanh Hóa,Miền Bắc,151,129,26,2,2
2022,4,Nghệ An,Miền Bắc,191,133,45,2,0
2022,4,Đà Nẵng,Miền Trung,158,131,36,0,0
2022,4,Quảng Nam,Miền Trung,128,89,27,1,1
2022,4,Quảng Ngãi,Miền Trung,142,120,31,2,1
2022,4,Bình Định,Miền Trung,136,115,24,0,0
2022,4,Khánh Hòa,Miền Trung,157,116,30,0,0
2022,4,Phú Yên,Miền Trung,139,110,26,1,1
2022,4,Gia Lai,Tây Nguyên,206,154,43,3,2
2022,4,Đắk Lắk,Tây Nguyên,179,144,48,2,1
2022,4,Lâm Đồng,Tây Nguyên,213,147,42,3,2
2022,4,Kon Tum,Tây Nguyên,173,124,51,1,0
2022,4,Hồ Chí Minh,Miền Nam,125,96,23,1,1
2022,4,Cần Thơ,Miền Nam,185,130,47,2,2
2022,4,An Giang,Miền Nam,123,98,26,1,0
2022,4,Kiên Giang,Miền Nam,167,129,48,0,0
2022,4,Đồng Tháp,Miền Nam,175,121,42,1,0
2022,4,Bình Phước,Miền Nam,144,109,29,0,0
2022,4,Tây Ninh,Miền Nam,141,105,23,2,1
2022,5,Hà Nội,Miền Bắc,203,136,24,0,0
2022,5,Hải Phòng,Miền Bắc,175,123,49,1,1
2022,5,Quảng Ninh,Miền Bắc,148,119,29,1,1
2022,5,Bắc Giang,Miền Bắc,211,143,27,0,0
2022,5,Lạng Sơn,Miền Bắc,168,138,25,1,1
2022,5,Sơn La,Miền Bắc,182,126,25,1,1
2022,5,Thanh Hóa,Miền Bắc,177,133,49,1,0
2022,5,Nghệ An,Miền Bắc,223,152,53,1,1
2022,5,Đà Nẵng,Miền Trung,174,145,58,1,1
2022,5,Quảng Nam,Miền Trung,153,105,38,0,0
2022,5,Quảng Ngãi,Miền Trung,188,150,40,2,0
2022,5,Bình Định,Miền Trung,143,117,35,0,0
2022,5,Khánh Hòa,Miền Trung,158,114,47,1,0
2022,5,Phú Yên,Miền Trung,149,99,29,2,0
2022,5,Gia Lai,Tây Nguyên,242,193,36,2,2
2022,5,Đắk Lắk,Tây Nguyên,204,154,37,0,0
2022,5,Lâm Đồng,Tây Nguyên,212,152,58,3,3
2022,5,Kon Tum,Tây Nguyên,174,137,51,1,0
2022,5,Hồ Chí Minh,Miền Nam,145,120,45,1,0
2022,5,Cần Thơ,Miền Nam,184,120,35,2,1
2022,5,An Giang,Miền Nam,142,93,20,1,1
2022,5,Kiên Giang,Miền Nam,186,147,30,0,0
2022,5,Đồng Tháp,Miền Nam,160,131,41,0,0
2022,5,Bình Phước,Miền Nam,160,125,35,1,0
2022,5,Tây Ninh,Miền Nam,173,151,39,1,1
2022,6,Hà Nội,Miền Bắc,196,153,44,4,3
2022,6,Hải Phòng,Miền Bắc,172,113,41,2,2
2022,6,Quảng Ninh,Miền Bắc,138,96,30,0,0
2022,6,Bắc Giang,Miền Bắc,183,119,39,1,0
2022,6,Lạng Sơn,Miền Bắc,171,138,43,1,1
2022,6,Sơn La,Miền Bắc,162,110,36,0,0
2022,6,Thanh Hóa,Miền Bắc,198,172,68,0,0
2022,6,Nghệ An,Miền Bắc,188,144,36,0,0
2022,6,Đà Nẵng,Miền Trung,150,112,24,2,1
2022,6,Quảng Nam,Miền Trung,126,108,38,1,1
2022,6,Quảng Ngãi,Miền Trung,149,129,28,3,2
2022,6,Bình Định,Miền Trung,141,110,43,0,0
2022,6,Khánh Hòa,Miền Trung,141,114,39,0,0
2022,6,Phú Yên,Miền Trung,164,138,39,1,1
2022,6,Gia Lai,Tây Nguyên,226,179,71,0,0
2022,6,Đắk Lắk,Tây Nguyên,199,154,39,0,0
2022,6,Lâm Đồng,Tây Nguyên,217,184,58,3,1
2022,6,Kon Tum,Tây Nguyên,146,108,29,1,0
2022,6,Hồ Chí Minh,Miền Nam,151,129,43,1,0
2022,6,Cần Thơ,Miền Nam,185,131,35,1,0
2022,6,An Giang,Miền Nam,120,82,21,0,0
2022,6,Kiên Giang,Miền Nam,169,144,33,1,0
2022,6,Đồng Tháp,Miền Nam,154,130,23,0,0
2022,6,Bình Phước,Miền Nam,185,143,43,0,0
2022,6,Tây Ninh,Miền Nam,175,130,45,1,1
2022,7,Hà Nội,Miền Bắc,175,130,51,1,0
2022,7,Hải Phòng,Miền Bắc,193,126,27,1,0
2022,7,Quảng Ninh,Miền Bắc,126,90,31,1,0
2022,7,Bắc Giang,Miền Bắc,171,142,41,1,1
2022,7,Lạng Sơn,Miền Bắc,162,121,24,1,1
2022,7,Sơn La,Miền Bắc,147,113,25,0,0
2022,7,Thanh Hóa,Miền Bắc,171,127,23,1,0
2022,7,Nghệ An,Miền Bắc,169,141,57,0,0
2022,7,Đà Nẵng,Miền Trung,149,98,25,0,0
2022,7,Quảng Nam,Miền Trung,132,90,16,1,1
2022,7,Quảng Ngãi,Miền Trung,133,92,26,1,0
2022,7,Bình Định,Miền Trung,126,98,28,2,2
2022,7,Khánh Hòa,Miền Trung,119,99,24,1,0
2022,7,Phú Yên,Miền Trung,133,113,33,0,0
2022,7,Gia Lai,Tây Nguyên,208,153,59,1,1
2022,7,Đắk Lắk,Tây Nguyên,192,144,39,2,1
2022,7,Lâm Đồng,Tây Nguyên,179,137,41,0,0
2022,7,Kon Tum,Tây Nguyên,136,91,29,0,0
2022,7,Hồ Chí Minh,Miền Nam,119,103,39,0,0
2022,7,Cần Thơ,Miền Nam,146,111,20,1,1
2022,7,An Giang,Miền Nam,117,80,19,0,0
2022,7,Kiên Giang,Miền Nam,167,144,30,1,1
2022,7,Đồng Tháp,Miền Nam,135,105,30,1,1
2022,7,Bình Phước,Miền Nam,137,102,28,0,0
2022,7,Tây Ninh,Miền Nam,161,122,44,0,0
2022,8,Hà Nội,Miền Bắc,163,121,44,0,0
2022,8,Hải Phòng,Miền Bắc,132,98,37,0,0
2022,8,Quảng Ninh,Miền Bắc,128,100,26,1,1
2022,8,Bắc Giang,Miền Bắc,182,145,37,1,1
2022,8,Lạng Sơn,Miền Bắc,173,132,42,1,0
2022,8,Sơn La,Miền Bắc,130,85,30,2,2
2022,8,Thanh Hóa,Miền Bắc,126,83,26,1,0
2022,8,Nghệ An,Miền Bắc,173,140,39,1,0
2022,8,Đà Nẵng,Miền Trung,123,80,32,0,0
2022,8,Quảng Nam,Miền Trung,98,72,16,1,0
2022,8,Quảng Ngãi,Miền Trung,153,124,43,0,0
2022,8,Bình Định,Miền Trung,97,81,33,0,0
2022,8,Khánh Hòa,Miền Trung,124,82,33,0,0
2022,8,Phú Yên,Miền Trung,140,115,37,1,1
2022,8,Gia Lai,Tây Nguyên,193,135,27,1,1
2022,8,Đắk Lắk,Tây Nguyên,181,142,45,0,0
2022,8,Lâm Đồng,Tây Nguyên,163,112,38,1,1
2022,8,Kon Tum,Tây Nguyên,141,119,47,0,0
2022,8,Hồ Chí Minh,Miền Nam,131,113,27,1,1
2022,8,Cần Thơ,Miền Nam,134,113,36,1,1
2022,8,An Giang,Miền Nam,126,103,32,0,0
2022,8,Kiên Giang,Miền Nam,135,96,19,0,0
2022,8,Đồng Tháp,Miền Nam,133,108,36,0,0
2022,8,Bình Phước,Miền Nam,150,119,37,0,0
2022,8,Tây Ninh,Miền Nam,155,134,50,1,1
2022,9,Hà Nội,Miền Bắc,129,112,23,2,2
2022,9,Hải Phòng,Miền Bắc,121,86,23,0,0
2022,9,Quảng Ninh,Miền Bắc,79,52,10,1,1
2022,9,Bắc Giang,Miền Bắc,128,94,29,0,0
2022,9,Lạng Sơn,Miền Bắc,116,85,32,0,0
2022,9,Sơn La,Miền Bắc,122,103,36,0,0
2022,9,Thanh Hóa,Miền Bắc,103,90,21,0,0
2022,9,Nghệ An,Miền Bắc,141,108,40,1,0
2022,9,Đà Nẵng,Miền Trung,104,72,28,2,1
2022,9,Quảng Nam,Miền Trung,108,80,24,0,0
2022,9,Quảng Ngãi,Miền Trung,124,102,36,0,0
2022,9,Bình Định,Miền Trung,88,63,22,0,0
2022,9,Khánh Hòa,Miền Trung,94,82,19,1,0
2022,9,Phú Yên,Miền Trung,106,90,22,0,0
2022,9,Gia Lai,Tây Nguyên,173,135,49,0,0
2022,9,Đắk Lắk,Tây Nguyên,145,103,22,1,0
2022,9,Lâm Đồng,Tây Nguyên,138,104,26,1,0
2022,9,Kon Tum,Tây Nguyên,115,98,26,1,0
2022,9,Hồ Chí Minh,Miền Nam,118,96,29,0,0
2022,9,Cần Thơ,Miền Nam,124,99,25,0,0
2022,9,An Giang,Miền Nam,103,71,29,0,0
2022,9,Kiên Giang,Miền Nam,133,97,26,0,0
2022,9,Đồng Tháp,Miền Nam,109,83,17,0,0
2022,9,Bình Phước,Miền Nam,103,89,28,1,1
2022,9,Tây Ninh,Miền Nam,135,96,23,0,0
2022,10,Hà Nội,Miền Bắc,138,92,22,0,0
2022,10,Hải Phòng,Miền Bắc,109,84,15,0,0
2022,10,Quảng Ninh,Miền Bắc,95,76,26,1,1
2022,10,Bắc Giang,Miền Bắc,113,98,33,2,1
2022,10,Lạng Sơn,Miền Bắc,118,98,31,2,2
2022,10,Sơn La,Miền Bắc,97,76,23,0,0
2022,10,Thanh Hóa,Miền Bắc,110,81,28,0,0
2022,10,Nghệ An,Miền Bắc,119,89,31,0,0
2022,10,Đà Nẵng,Miền Trung,109,79,27,1,0
2022,10,Quảng Nam,Miền Trung,91,63,15,0,0
2022,10,Quảng Ngãi,Miền Trung,116,83,30,0,0
2022,10,Bình Định,Miền Trung,82,67,14,0,0
2022,10,Khánh Hòa,Miền Trung,104,82,30,0,0
2022,10,Phú Yên,Miền Trung,91,62,15,0,0
2022,10,Gia Lai,Tây Nguyên,145,106,37,0,0
2022,10,Đắk Lắk,Tây Nguyên,126,82,16,0,0
2022,10,Lâm Đồng,Tây Nguyên,157,105,40,2,2
2022,10,Kon Tum,Tây Nguyên,127,110,22,0,0
2022,10,Hồ Chí Minh,Miền Nam,93,71,25,0,0
2022,10,Cần Thơ,Miền Nam,104,71,18,0,0
2022,10,An Giang,Miền Nam,92,67,20,0,0
2022,10,Kiên Giang,Miền Nam,132,105,37,0,0
2022,10,Đồng Tháp,Miền Nam,118,88,19,2,0
2022,10,Bình Phước,Miền Nam,118,88,30,0,0
2022,10,Tây Ninh,Miền Nam,108,94,23,0,0
2022,11,Hà Nội,Miền Bắc,134,113,40,0,0
2022,11,Hải Phòng,Miền Bắc,135,114,23,0,0
2022,11,Quảng Ninh,Miền Bắc,114,76,28,1,1
2022,11,Bắc Giang,Miền Bắc,132,94,28,1,1
2022,11,Lạng Sơn,Miền Bắc,102,82,22,1,0
2022,11,Sơn La,Miền Bắc,117,90,35,1,1
2022,11,Thanh Hóa,Miền Bắc,107,78,14,0,0
2022,11,Nghệ An,Miền Bắc,137,89,30,0,0
2022,11,Đà Nẵng,Miền Trung,115,79,21,0,0
2022,11,Quảng Nam,Miền Trung,95,72,15,1,0
2022,11,Quảng Ngãi,Miền Trung,96,68,20,0,0
2022,11,Bình Định,Miền Trung,110,86,23,2,2
2022,11,Khánh Hòa,Miền Trung,100,71,25,0,0
2022,11,Phú Yên,Miền Trung,89,62,16,0,0
2022,11,Gia Lai,Tây Nguyên,157,113,32,1,0
2022,11,Đắk Lắk,Tây Nguyên,128,108,36,0,0
2022,11,Lâm Đồng,Tây Nguyên,144,117,34,4,2
2022,11,Kon Tum,Tây Nguyên,131,88,18,0,0
2022,11,Hồ Chí Minh,Miền Nam,99,84,27,0,0
2022,11,Cần Thơ,Miền Nam,104,76,22,0,0
2022,11,An Giang,Miền Nam,95,75,21,0,0
2022,11,Kiên Giang,Miền Nam,122,85,25,1,1
2022,11,Đồng Tháp,Miền Nam,110,75,23,0,0
2022,11,Bình Phước,Miền Nam,96,76,17,0,0
2022,11,Tây Ninh,Miền Nam,129,95,24,2,1
2022,12,Hà Nội,Miền Bắc,118,86,32,0,0
2022,12,Hải Phòng,Miền Bắc,129,106,19,1,1
2022,12,Quảng Ninh,Miền Bắc,93,61,17,1,1
2022,12,Bắc Giang,Miền Bắc,158,121,42,2,1
2022,12,Lạng Sơn,Miền Bắc,135,103,38,0,0
2022,12,Sơn La,Miền Bắc,107,70,18,0,0
2022,12,Thanh Hóa,Miền Bắc,133,88,20,0,0
2022,12,Nghệ An,Miền Bắc,151,102,41,1,1
2022,12,Đà Nẵng,Miền Trung,107,79,19,0,0
2022,12,Quảng Nam,Miền Trung,101,71,19,0,0
2022,12,Quảng Ngãi,Miền Trung,134,88,29,2,1
2022,12,Bình Định,Miền Trung,115,100,38,2,1
2022,12,Khánh Hòa,Miền Trung,123,89,28,1,1
2022,12,Phú Yên,Miền Trung,113,78,31,0,0
2022,12,Gia Lai,Tây Nguyên,158,120,36,0,0
2022,12,Đắk Lắk,Tây Nguyên,132,106,38,1,1
2022,12,Lâm Đồng,Tây Nguyên,137,106,43,0,0
2022,12,Kon Tum,Tây Nguyên,130,101,24,0,0
2022,12,Hồ Chí Minh,Miền Nam,77,63,12,0,0
2022,12,Cần Thơ,Miền Nam,131,98,34,0,0
2022,12,An Giang,Miền Nam,95,74,30,0,0
2022,12,Kiên Giang,Miền Nam,135,103,19,0,0
2022,12,Đồng Tháp,Miền Nam,127,95,23,0,0
2022,12,Bình Phước,Miền Nam,120,104,29,0,0
2022,12,Tây Ninh,Miền Nam,144,111,26,1,0
2023,1,Hà Nội,Miền Bắc,145,120,31,0,0
2023,1,Hải Phòng,Miền Bắc,142,98,37,0,0
2023,1,Quảng Ninh,Miền Bắc,113,86,19,0,0
2023,1,Bắc Giang,Miền Bắc,150,124,36,2,1
2023,1,Lạng Sơn,Miền Bắc,131,107,31,2,2
2023,1,Sơn La,Miền Bắc,153,108,37,1,1
2023,1,Thanh Hóa,Miền Bắc,141,98,23,0,0
2023,1,Nghệ An,Miền Bắc,171,116,47,2,1
2023,1,Đà Nẵng,Miền Trung,147,101,28,1,0
2023,1,Quảng Nam,Miền Trung,111,81,22,2,2
2023,1,Quảng Ngãi,Miền Trung,141,100,30,2,0
2023,1,Bình Định,Miền Trung,122,82,28,1,1
2023,1,Khánh Hòa,Miền Trung,114,80,29,2,1
2023,1,Phú Yên,Miền Trung,130,90,26,1,0
2023,1,Gia Lai,Tây Nguyên,187,160,35,1,1
2023,1,Đắk Lắk,Tây Nguyên,180,158,39,1,0
2023,1,Lâm Đồng,Tây Nguyên,162,124,41,1,0
2023,1,Kon Tum,Tây Nguyên,141,109,28,0,0
2023,1,Hồ Chí Minh,Miền Nam,130,112,41,1,1
2023,1,Cần Thơ,Miền Nam,132,93,21,1,0
2023,1,An Giang,Miền Nam,128,95,29,0,0
2023,1,Kiên Giang,Miền Nam,176,141,55,1,0
2023,1,Đồng Tháp,Miền Nam,111,90,31,0,0
2023,1,Bình Phước,Miền Nam,148,124,23,0,0
2023,1,Tây Ninh,Miền Nam,143,111,44,0,0
2023,2,Hà Nội,Miền Bắc,185,127,23,0,0
2023,2,Hải Phòng,Miền Bắc,181,142,40,1,1
2023,2,Quảng Ninh,Miền Bắc,149,117,35,0,0
2023,2,Bắc Giang,Miền Bắc,193,135,24,0,0
2023,2,Lạng Sơn,Miền Bắc,142,114,44,2,1
2023,2,Sơn La,Miền Bắc,146,112,31,1,1
2023,2,Thanh Hóa,Miền Bắc,163,130,30,1,1
2023,2,Nghệ An,Miền Bắc,192,157,33,0,0
2023,2,Đà Nẵng,Miền Trung,125,86,25,3,2
2023,2,Quảng Nam,Miền Trung,118,98,28,0,0
2023,2,Quảng Ngãi,Miền Trung,152,103,39,2,1
2023,2,Bình Định,Miền Trung,126,106,19,1,0
2023,2,Khánh Hòa,Miền Trung,136,88,15,0,0
2023,2,Phú Yên,Miền Trung,115,79,14,1,1
2023,2,Gia Lai,Tây Nguyên,204,132,54,3,3
2023,2,Đắk Lắk,Tây Nguyên,193,135,24,3,3
2023,2,Lâm Đồng,Tây Nguyên,172,134,31,0,0
2023,2,Kon Tum,Tây Nguyên,160,131,39,4,4
2023,2,Hồ Chí Minh,Miền Nam,135,111,26,0,0
2023,2,Cần Thơ,Miền Nam,139,117,44,0,0
2023,2,An Giang,Miền Nam,135,95,20,3,3
2023,2,Kiên Giang,Miền Nam,173,116,25,0,0
2023,2,Đồng Tháp,Miền Nam,146,120,22,0,0
2023,2,Bình Phước,Miền Nam,171,114,42,2,0
2023,2,Tây Ninh,Miền Nam,150,113,21,0,0
2023,3,Hà Nội,Miền Bắc,162,126,39,0,0
2023,3,Hải Phòng,Miền Bắc,169,125,41,2,2
2023,3,Quảng Ninh,Miền Bắc,153,107,25,2,1
2023,3,Bắc Giang,Miền Bắc,172,125,37,1,1
2023,3,Lạng Sơn,Miền Bắc,145,108,35,2,1
2023,3,Sơn La,Miền Bắc,176,121,25,1,1
2023,3,Thanh Hóa,Miền Bắc,172,119,28,1,1
2023,3,Nghệ An,Miền Bắc,207,135,44,2,0
2023,3,Đà Nẵng,Miền Trung,170,122,37,0,0
2023,3,Quảng Nam,Miền Trung,138,120,29,0,0
2023,3,Quảng Ngãi,Miền Trung,164,136,30,0,0
2023,3,Bình Định,Miền Trung,131,111,32,1,1
2023,3,Khánh Hòa,Miền Trung,152,115,29,0,0
2023,3,Phú Yên,Miền Trung,175,145,60,0,0
2023,3,Gia Lai,Tây Nguyên,218,143,39,1,1
2023,3,Đắk Lắk,Tây Nguyên,201,161,65,1,1
2023,3,Lâm Đồng,Tây Nguyên,188,164,33,2,2
2023,3,Kon Tum,Tây Nguyên,177,119,33,0,0
2023,3,Hồ Chí Minh,Miền Nam,139,107,19,0,0
2023,3,Cần Thơ,Miền Nam,169,147,57,0,0
2023,3,An Giang,Miền Nam,159,108,45,0,0
2023,3,Kiên Giang,Miền Nam,184,129,51,0,0
2023,3,Đồng Tháp,Miền Nam,180,146,44,1,1
2023,3,Bình Phước,Miền Nam,193,134,31,1,0
2023,3,Tây Ninh,Miền Nam,179,120,41,0,0
2023,4,Hà Nội,Miền Bắc,196,146,38,1,1
2023,4,Hải Phòng,Miền Bắc,172,148,45,1,1
2023,4,Quảng Ninh,Miền Bắc,123,90,18,2,1
2023,4,Bắc Giang,Miền Bắc,208,163,53,2,0
2023,4,Lạng Sơn,Miền Bắc,174,133,49,3,1
2023,4,Sơn La,Miền Bắc,183,141,47,1,1
2023,4,Thanh Hóa,Miền Bắc,167,119,25,0,0
2023,4,Nghệ An,Miền Bắc,189,149,32,2,0
2023,4,Đà Nẵng,Miền Trung,176,117,32,1,0
2023,4,Quảng Nam,Miền Trung,129,108,27,1,1
2023,4,Quảng Ngãi,Miền Trung,165,121,30,1,0
2023,4,Bình Định,Miền Trung,142,124,30,1,1
2023,4,Khánh Hòa,Miền Trung,173,130,31,0,0
2023,4,Phú Yên,Miền Trung,143,124,49,0,0
2023,4,Gia Lai,Tây Nguyên,208,152,56,1,0
2023,4,Đắk Lắk,Tây Nguyên,179,134,33,0,0
2023,4,Lâm Đồng,Tây Nguyên,197,139,48,1,1
2023,4,Kon Tum,Tây Nguyên,172,121,22,0,0
2023,4,Hồ Chí Minh,Miền Nam,123,84,25,1,0
2023,4,Cần Thơ,Miền Nam,158,118,34,1,1
2023,4,An Giang,Miền Nam,141,107,35,1,1
2023,4,Kiên Giang,Miền Nam,176,145,46,0,0
2023,4,Đồng Tháp,Miền Nam,172,141,51,1,1
2023,4,Bình Phước,Miền Nam,168,113,36,3,1
2023,4,Tây Ninh,Miền Nam,172,134,42,1,1
2023,5,Hà Nội,Miền Bắc,176,116,40,1,1
2023,5,Hải Phòng,Miền Bắc,180,154,61,2,2
2023,5,Quảng Ninh,Miền Bắc,150,128,47,0,0
2023,5,Bắc Giang,Miền Bắc,222,165,39,3,1
2023,5,Lạng Sơn,Miền Bắc,195,144,33,4,4
2023,5,Sơn La,Miền Bắc,169,144,59,2,1
2023,5,Thanh Hóa,Miền Bắc,169,123,50,1,1
2023,5,Nghệ An,Miền Bắc,214,149,29,7,2
2023,5,Đà Nẵng,Miền Trung,174,148,42,1,0
2023,5,Quảng Nam,Miền Trung,153,131,30,0,0
2023,5,Quảng Ngãi,Miền Trung,166,137,53,1,1
2023,5,Bình Định,Miền Trung,152,109,31,0,0
2023,5,Khánh Hòa,Miền Trung,178,145,28,1,0
2023,5,Phú Yên,Miền Trung,163,112,32,0,0
2023,5,Gia Lai,Tây Nguyên,235,181,61,0,0
2023,5,Đắk Lắk,Tây Nguyên,215,186,67,1,1
2023,5,Lâm Đồng,Tây Nguyên,221,169,66,1,1
2023,5,Kon Tum,Tây Nguyên,175,144,47,0,0
2023,5,Hồ Chí Minh,Miền Nam,138,105,24,0,0
2023,5,Cần Thơ,Miền Nam,164,115,35,1,0
2023,5,An Giang,Miền Nam,153,114,37,1,0
2023,5,Kiên Giang,Miền Nam,179,130,45,0,0
2023,5,Đồng Tháp,Miền Nam,163,114,42,1,1
2023,5,Bình Phước,Miền Nam,187,130,30,0,0
2023,5,Tây Ninh,Miền Nam,180,149,34,3,3
2023,6,Hà Nội,Miền Bắc,203,140,36,1,1
2023,6,Hải Phòng,Miền Bắc,170,140,45,2,1
2023,6,Quảng Ninh,Miền Bắc,156,116,34,0,0
2023,6,Bắc Giang,Miền Bắc,232,188,56,0,0
2023,6,Lạng Sơn,Miền Bắc,202,155,36,0,0
2023,6,Sơn La,Miền Bắc,163,124,51,2,0
2023,6,Thanh Hóa,Miền Bắc,170,121,25,4,3
2023,6,Nghệ An,Miền Bắc,218,189,49,0,0
2023,6,Đà Nẵng,Miền Trung,166,144,27,1,1
2023,6,Quảng Nam,Miền Trung,131,94,27,1,1
2023,6,Quảng Ngãi,Miền Trung,174,140,27,0,0
2023,6,Bình Định,Miền Trung,148,125,25,1,1
2023,6,Khánh Hòa,Miền Trung,141,108,34,2,1
2023,6,Phú Yên,Miền Trung,137,109,24,2,1
2023,6,Gia Lai,Tây Nguyên,229,165,30,1,1
2023,6,Đắk Lắk,Tây Nguyên,220,153,56,1,1
2023,6,Lâm Đồng,Tây Nguyên,207,149,38,1,1
2023,6,Kon Tum,Tây Nguyên,157,110,21,2,1
2023,6,Hồ Chí Minh,Miền Nam,142,103,40,0,0
2023,6,Cần Thơ,Miền Nam,154,123,27,0,0
2023,6,An Giang,Miền Nam,172,138,49,2,1
2023,6,Kiên Giang,Miền Nam,202,145,33,0,0
2023,6,Đồng Tháp,Miền Nam,165,130,49,2,1
2023,6,Bình Phước,Miền Nam,171,134,34,0,0
2023,6,Tây Ninh,Miền Nam,208,177,60,1,0
2023,7,Hà Nội,Miền Bắc,165,142,48,1,1
2023,7,Hải Phòng,Miền Bắc,165,128,27,1,0
2023,7,Quảng Ninh,Miền Bắc,146,126,41,0,0
2023,7,Bắc Giang,Miền Bắc,208,162,56,2,2
2023,7,Lạng Sơn,Miền Bắc,149,124,51,0,0
2023,7,Sơn La,Miền Bắc,160,110,38,1,0
2023,7,Thanh Hóa,Miền Bắc,122,80,20,1,0
2023,7,Nghệ An,Miền Bắc,183,131,40,1,1
2023,7,Đà Nẵng,Miền Trung,149,121,33,2,0
2023,7,Quảng Nam,Miền Trung,139,100,29,0,0
2023,7,Quảng Ngãi,Miền Trung,165,135,56,0,0
2023,7,Bình Định,Miền Trung,141,103,36,0,0
2023,7,Khánh Hòa,Miền Trung,157,112,37,1,0
2023,7,Phú Yên,Miền Trung,138,119,36,1,1
2023,7,Gia Lai,Tây Nguyên,219,164,63,1,0
2023,7,Đắk Lắk,Tây Nguyên,189,136,53,4,4
2023,7,Lâm Đồng,Tây Nguyên,184,132,53,0,0
2023,7,Kon Tum,Tây Nguyên,164,116,29,2,2
2023,7,Hồ Chí Minh,Miền Nam,133,116,38,0,0
2023,7,Cần Thơ,Miền Nam,165,137,43,2,2
2023,7,An Giang,Miền Nam,140,99,37,0,0
2023,7,Kiên Giang,Miền Nam,169,118,32,3,3
2023,7,Đồng Tháp,Miền Nam,160,119,40,1,0
2023,7,Bình Phước,Miền Nam,154,124,50,0,0
2023,7,Tây Ninh,Miền Nam,163,128,26,1,1
2023,8,Hà Nội,Miền Bắc,152,129,28,0,0
2023,8,Hải Phòng,Miền Bắc,140,106,28,0,0
2023,8,Quảng Ninh,Miền Bắc,140,114,45,1,1
2023,8,Bắc Giang,Miền Bắc,160,115,37,1,1
2023,8,Lạng Sơn,Miền Bắc,143,95,29,0,0
2023,8,Sơn La,Miền Bắc,128,91,29,2,0
2023,8,Thanh Hóa,Miền Bắc,140,113,36,0,0
2023,8,Nghệ An,Miền Bắc,175,115,21,1,1
2023,8,Đà Nẵng,Miền Trung,143,93,17,1,1
2023,8,Quảng Nam,Miền Trung,117,101,37,1,0
2023,8,Quảng Ngãi,Miền Trung,149,104,19,1,1
2023,8,Bình Định,Miền Trung,128,109,38,0,0
2023,8,Khánh Hòa,Miền Trung,136,93,35,0,0
2023,8,Phú Yên,Miền Trung,122,90,35,0,0
2023,8,Gia Lai,Tây Nguyên,170,144,39,0,0
2023,8,Đắk Lắk,Tây Nguyên,163,135,28,0,0
2023,8,Lâm Đồng,Tây Nguyên,195,153,55,1,1
2023,8,Kon Tum,Tây Nguyên,136,101,40,0,0
2023,8,Hồ Chí Minh,Miền Nam,129,90,20,0,0
2023,8,Cần Thơ,Miền Nam,154,124,30,1,0
2023,8,An Giang,Miền Nam,121,83,27,1,0
2023,8,Kiên Giang,Miền Nam,163,126,27,1,0
2023,8,Đồng Tháp,Miền Nam,137,107,32,0,0
2023,8,Bình Phước,Miền Nam,128,85,17,0,0
2023,8,Tây Ninh,Miền Nam,145,106,38,1,0
2023,9,Hà Nội,Miền Bắc,133,97,19,1,1
2023,9,Hải Phòng,Miền Bắc,123,94,28,3,3
2023,9,Quảng Ninh,Miền Bắc,116,91,16,0,0
2023,9,Bắc Giang,Miền Bắc,136,116,45,0,0
2023,9,Lạng Sơn,Miền Bắc,106,77,26,0,0
2023,9,Sơn La,Miền Bắc,104,72,27,0,0
2023,9,Thanh Hóa,Miền Bắc,117,80,26,1,1
2023,9,Nghệ An,Miền Bắc,145,107,28,0,0
2023,9,Đà Nẵng,Miền Trung,125,108,27,0,0
2023,9,Quảng Nam,Miền Trung,105,81,15,0,0
2023,9,Quảng Ngãi,Miền Trung,113,91,23,1,1
2023,9,Bình Định,Miền Trung,107,87,28,0,0
2023,9,Khánh Hòa,Miền Trung,97,82,28,0,0
2023,9,Phú Yên,Miền Trung,93,72,26,0,0
2023,9,Gia Lai,Tây Nguyên,167,135,55,0,0
2023,9,Đắk Lắk,Tây Nguyên,159,117,44,2,1
2023,9,Lâm Đồng,Tây Nguyên,140,104,31,3,1
2023,9,Kon Tum,Tây Nguyên,121,101,21,1,0
2023,9,Hồ Chí Minh,Miền Nam,97,68,12,0,0
2023,9,Cần Thơ,Miền Nam,102,72,20,0,0
2023,9,An Giang,Miền Nam,95,65,21,2,0
2023,9,Kiên Giang,Miền Nam,145,115,39,0,0
2023,9,Đồng Tháp,Miền Nam,116,99,25,0,0
2023,9,Bình Phước,Miền Nam,133,102,21,0,0
2023,9,Tây Ninh,Miền Nam,130,109,44,1,1
2023,10,Hà Nội,Miền Bắc,124,87,19,1,1
2023,10,Hải Phòng,Miền Bắc,107,76,14,0,0
2023,10,Quảng Ninh,Miền Bắc,86,70,20,0,0
2023,10,Bắc Giang,Miền Bắc,132,113,39,1,0
2023,10,Lạng Sơn,Miền Bắc,125,92,38,1,1
2023,10,Sơn La,Miền Bắc,111,92,24,1,0
2023,10,Thanh Hóa,Miền Bắc,119,104,28,0,0
2023,10,Nghệ An,Miền Bắc,143,118,31,2,1
2023,10,Đà Nẵng,Miền Trung,129,90,22,1,1
2023,10,Quảng Nam,Miền Trung,93,76,19,1,0
2023,10,Quảng Ngãi,Miền Trung,135,98,28,2,1
2023,10,Bình Định,Miền Trung,81,70,29,0,0
2023,10,Khánh Hòa,Miền Trung,110,74,25,0,0
2023,10,Phú Yên,Miền Trung,90,60,20,0,0
2023,10,Gia Lai,Tây Nguyên,141,119,35,1,1
2023,10,Đắk Lắk,Tây Nguyên,119,83,21,0,0
2023,10,Lâm Đồng,Tây Nguyên,135,107,35,1,1
2023,10,Kon Tum,Tây Nguyên,127,82,15,0,0
2023,10,Hồ Chí Minh,Miền Nam,82,69,24,0,0
2023,10,Cần Thơ,Miền Nam,112,93,35,1,1
2023,10,An Giang,Miền Nam,97,68,13,0,0
2023,10,Kiên Giang,Miền Nam,82,55,13,0,0
2023,10,Đồng Tháp,Miền Nam,93,78,26,0,0
2023,10,Bình Phước,Miền Nam,117,95,32,2,1
2023,10,Tây Ninh,Miền Nam,120,84,24,0,0
2023,11,Hà Nội,Miền Bắc,128,93,25,2,2
2023,11,Hải Phòng,Miền Bắc,114,80,24,1,1
2023,11,Quảng Ninh,Miền Bắc,102,85,21,0,0
2023,11,Bắc Giang,Miền Bắc,162,106,30,3,2
2023,11,Lạng Sơn,Miền Bắc,128,102,42,0,0
2023,11,Sơn La,Miền Bắc,134,96,39,0,0
2023,11,Thanh Hóa,Miền Bắc,135,111,34,0,0
2023,11,Nghệ An,Miền Bắc,143,119,43,1,0
2023,11,Đà Nẵng,Miền Trung,126,84,15,1,1
2023,11,Quảng Nam,Miền Trung,106,84,32,0,0
2023,11,Quảng Ngãi,Miền Trung,109,70,24,0,0
2023,11,Bình Định,Miền Trung,87,67,18,1,0
2023,11,Khánh Hòa,Miền Trung,105,69,27,1,1
2023,11,Phú Yên,Miền Trung,109,90,26,0,0
2023,11,Gia Lai,Tây Nguyên,156,134,53,3,1
2023,11,Đắk Lắk,Tây Nguyên,156,102,29,0,0
2023,11,Lâm Đồng,Tây Nguyên,148,98,21,0,0
2023,11,Kon Tum,Tây Nguyên,108,80,16,0,0
2023,11,Hồ Chí Minh,Miền Nam,83,58,22,2,1
2023,11,Cần Thơ,Miền Nam,104,84,31,2,0
2023,11,An Giang,Miền Nam,96,74,21,1,0
2023,11,Kiên Giang,Miền Nam,110,81,26,0,0
2023,11,Đồng Tháp,Miền Nam,123,105,30,0,0
2023,11,Bình Phước,Miền Nam,105,81,16,0,0
2023,11,Tây Ninh,Miền Nam,128,88,32,1,0
2023,12,Hà Nội,Miền Bắc,135,97,32,0,0
2023,12,Hải Phòng,Miền Bắc,125,96,38,0,0
2023,12,Quảng Ninh,Miền Bắc,125,109,44,0,0
2023,12,Bắc Giang,Miền Bắc,167,116,38,0,0
2023,12,Lạng Sơn,Miền Bắc,147,97,26,3,2
2023,12,Sơn La,Miền Bắc,121,93,36,1,1
2023,12,Thanh Hóa,Miền Bắc,124,93,32,0,0
2023,12,Nghệ An,Miền Bắc,150,125,27,0,0
2023,12,Đà Nẵng,Miền Trung,119,98,35,0,0
2023,12,Quảng Nam,Miền Trung,114,77,24,2,0
2023,12,Quảng Ngãi,Miền Trung,126,110,42,0,0
2023,12,Bình Định,Miền Trung,101,69,28,0,0
2023,12,Khánh Hòa,Miền Trung,133,103,19,1,1
2023,12,Phú Yên,Miền Trung,104,81,26,0,0
2023,12,Gia Lai,Tây Nguyên,156,106,40,1,0
2023,12,Đắk Lắk,Tây Nguyên,161,119,28,2,1
2023,12,Lâm Đồng,Tây Nguyên,139,113,27,2,1
2023,12,Kon Tum,Tây Nguyên,124,97,40,0,0
2023,12,Hồ Chí Minh,Miền Nam,125,109,37,0,0
2023,12,Cần Thơ,Miền Nam,131,93,19,0,0
2023,12,An Giang,Miền Nam,105,82,16,1,1
2023,12,Kiên Giang,Miền Nam,143,93,19,0,0
2023,12,Đồng Tháp,Miền Nam,117,79,26,1,0
2023,12,Bình Phước,Miền Nam,124,91,30,1,0
2023,12,Tây Ninh,Miền Nam,149,115,30,0,0
2024,1,Hà Nội,Miền Bắc,177,155,52,1,1
2024,1,Hải Phòng,Miền Bắc,169,125,24,2,1
2024,1,Quảng Ninh,Miền Bắc,149,107,30,1,0
2024,1,Bắc Giang,Miền Bắc,162,110,39,0,0
2024,1,Lạng Sơn,Miền Bắc,154,108,35,3,2
2024,1,Sơn La,Miền Bắc,121,92,33,0,0
2024,1,Thanh Hóa,Miền Bắc,139,107,26,2,1
2024,1,Nghệ An,Miền Bắc,193,169,34,0,0
2024,1,Đà Nẵng,Miền Trung,122,80,16,0,0
2024,1,Quảng Nam,Miền Trung,127,98,36,1,1
2024,1,Quảng Ngãi,Miền Trung,141,94,34,0,0
2024,1,Bình Định,Miền Trung,88,69,14,1,1
2024,1,Khánh Hòa,Miền Trung,142,114,31,2,2
2024,1,Phú Yên,Miền Trung,122,92,22,1,1
2024,1,Gia Lai,Tây Nguyên,189,150,59,0,0
2024,1,Đắk Lắk,Tây Nguyên,172,118,41,2,1
2024,1,Lâm Đồng,Tây Nguyên,158,137,38,1,1
2024,1,Kon Tum,Tây Nguyên,128,88,28,3,1
2024,1,Hồ Chí Minh,Miền Nam,107,77,20,1,1
2024,1,Cần Thơ,Miền Nam,132,111,26,0,0
2024,1,An Giang,Miền Nam,125,104,38,0,0
2024,1,Kiên Giang,Miền Nam,154,112,37,0,0
2024,1,Đồng Tháp,Miền Nam,138,116,30,0,0
2024,1,Bình Phước,Miền Nam,158,117,31,0,0
2024,1,Tây Ninh,Miền Nam,172,114,40,2,1
2024,2,Hà Nội,Miền Bắc,162,122,50,0,0
2024,2,Hải Phòng,Miền Bắc,172,138,53,1,1
2024,2,Quảng Ninh,Miền Bắc,146,108,26,1,0
2024,2,Bắc Giang,Miền Bắc,190,132,54,0,0
2024,2,Lạng Sơn,Miền Bắc,146,114,41,0,0
2024,2,Sơn La,Miền Bắc,141,113,42,1,0
2024,2,Thanh Hóa,Miền Bắc,176,124,50,1,1
2024,2,Nghệ An,Miền Bắc,211,143,25,3,2
2024,2,Đà Nẵng,Miền Trung,143,106,26,0,0
2024,2,Quảng Nam,Miền Trung,138,97,22,0,0
2024,2,Quảng Ngãi,Miền Trung,159,129,44,0,0
2024,2,Bình Định,Miền Trung,120,87,20,0,0
2024,2,Khánh Hòa,Miền Trung,137,115,44,0,0
2024,2,Phú Yên,Miền Trung,113,78,21,0,0
2024,2,Gia Lai,Tây Nguyên,190,158,36,0,0
2024,2,Đắk Lắk,Tây Nguyên,169,148,49,2,2
2024,2,Lâm Đồng,Tây Nguyên,174,125,52,0,0
2024,2,Kon Tum,Tây Nguyên,159,119,34,2,2
2024,2,Hồ Chí Minh,Miền Nam,135,93,31,0,0
2024,2,Cần Thơ,Miền Nam,150,117,39,1,0
2024,2,An Giang,Miền Nam,133,93,22,0,0
2024,2,Kiên Giang,Miền Nam,174,138,53,1,0
2024,2,Đồng Tháp,Miền Nam,150,121,40,2,1
2024,2,Bình Phước,Miền Nam,168,111,35,0,0
2024,2,Tây Ninh,Miền Nam,147,115,30,0,0
2024,3,Hà Nội,Miền Bắc,187,125,46,3,2
2024,3,Hải Phòng,Miền Bắc,181,135,26,0,0
2024,3,Quảng Ninh,Miền Bắc,153,118,37,0,0
2024,3,Bắc Giang,Miền Bắc,194,143,53,1,0
2024,3,Lạng Sơn,Miền Bắc,194,127,30,0,0
2024,3,Sơn La,Miền Bắc,186,124,26,0,0
2024,3,Thanh Hóa,Miền Bắc,173,146,59,0,0
2024,3,Nghệ An,Miền Bắc,192,140,55,2,0
2024,3,Đà Nẵng,Miền Trung,164,114,40,1,1
2024,3,Quảng Nam,Miền Trung,133,92,31,1,1
2024,3,Quảng Ngãi,Miền Trung,156,101,31,1,0
2024,3,Bình Định,Miền Trung,139,101,38,1,0
2024,3,Khánh Hòa,Miền Trung,135,89,23,1,0
2024,3,Phú Yên,Miền Trung,135,110,30,0,0
2024,3,Gia Lai,Tây Nguyên,216,172,38,1,0
2024,3,Đắk Lắk,Tây Nguyên,199,162,53,0,0
2024,3,Lâm Đồng,Tây Nguyên,180,127,45,1,1
2024,3,Kon Tum,Tây Nguyên,161,110,37,1,0
2024,3,Hồ Chí Minh,Miền Nam,148,98,30,0,0
2024,3,Cần Thơ,Miền Nam,186,150,60,3,2
2024,3,An Giang,Miền Nam,134,115,41,1,1
2024,3,Kiên Giang,Miền Nam,158,109,29,0,0
2024,3,Đồng Tháp,Miền Nam,139,92,31,1,1
2024,3,Bình Phước,Miền Nam,171,135,48,1,1
2024,3,Tây Ninh,Miền Nam,180,132,38,1,0
2024,4,Hà Nội,Miền Bắc,188,160,34,0,0
2024,4,Hải Phòng,Miền Bắc,180,118,49,1,1
2024,4,Quảng Ninh,Miền Bắc,146,122,36,1,1
2024,4,Bắc Giang,Miền Bắc,214,150,38,1,0
2024,4,Lạng Sơn,Miền Bắc,171,111,22,2,2
2024,4,Sơn La,Miền Bắc,156,102,27,0,0
2024,4,Thanh Hóa,Miền Bắc,166,122,34,0,0
2024,4,Nghệ An,Miền Bắc,211,156,35,0,0
2024,4,Đà Nẵng,Miền Trung,182,137,29,1,0
2024,4,Quảng Nam,Miền Trung,119,83,23,1,1
2024,4,Quảng Ngãi,Miền Trung,169,122,50,1,0
2024,4,Bình Định,Miền Trung,131,102,34,2,2
2024,4,Khánh Hòa,Miền Trung,146,121,37,1,0
2024,4,Phú Yên,Miền Trung,158,121,26,1,0
2024,4,Gia Lai,Tây Nguyên,239,155,60,1,0
2024,4,Đắk Lắk,Tây Nguyên,206,172,63,4,3
2024,4,Lâm Đồng,Tây Nguyên,199,148,39,1,0
2024,4,Kon Tum,Tây Nguyên,170,131,34,2,0
2024,4,Hồ Chí Minh,Miền Nam,134,107,19,1,1
2024,4,Cần Thơ,Miền Nam,148,125,40,0,0
2024,4,An Giang,Miền Nam,144,125,49,0,0
2024,4,Kiên Giang,Miền Nam,171,120,33,2,0
2024,4,Đồng Tháp,Miền Nam,171,149,52,0,0
2024,4,Bình Phước,Miền Nam,133,108,24,1,1
2024,4,Tây Ninh,Miền Nam,180,121,32,3,3
2024,5,Hà Nội,Miền Bắc,245,169,53,2,1
2024,5,Hải Phòng,Miền Bắc,190,148,57,3,1
2024,5,Quảng Ninh,Miền Bắc,153,114,23,0,0
2024,5,Bắc Giang,Miền Bắc,223,167,55,2,1
2024,5,Lạng Sơn,Miền Bắc,179,156,47,3,2
2024,5,Sơn La,Miền Bắc,195,135,55,1,1
2024,5,Thanh Hóa,Miền Bắc,181,125,38,3,1
2024,5,Nghệ An,Miền Bắc,220,154,27,2,2
2024,5,Đà Nẵng,Miền Trung,151,114,26,0,0
2024,5,Quảng Nam,Miền Trung,138,112,37,0,0
2024,5,Quảng Ngãi,Miền Trung,170,131,26,1,1
2024,5,Bình Định,Miền Trung,136,89,17,1,0
2024,5,Khánh Hòa,Miền Trung,173,120,40,0,0
2024,5,Phú Yên,Miền Trung,163,130,54,1,1
2024,5,Gia Lai,Tây Nguyên,232,156,55,4,0
2024,5,Đắk Lắk,Tây Nguyên,212,140,31,0,0
2024,5,Lâm Đồng,Tây Nguyên,243,187,60,1,1
2024,5,Kon Tum,Tây Nguyên,188,145,41,1,0
2024,5,Hồ Chí Minh,Miền Nam,163,117,34,0,0
2024,5,Cần Thơ,Miền Nam,151,104,31,1,0
2024,5,An Giang,Miền Nam,153,119,37,3,3
2024,5,Kiên Giang,Miền Nam,215,182,62,0,0
2024,5,Đồng Tháp,Miền Nam,164,138,36,2,2
2024,5,Bình Phước,Miền Nam,174,130,49,0,0
2024,5,Tây Ninh,Miền Nam,201,141,48,2,0
2024,6,Hà Nội,Miền Bắc,202,162,42,0,0
2024,6,Hải Phòng,Miền Bắc,187,152,43,0,0
2024,6,Quảng Ninh,Miền Bắc,145,103,20,0,0
2024,6,Bắc Giang,Miền Bắc,165,135,34,2,2
2024,6,Lạng Sơn,Miền Bắc,176,138,48,0,0
2024,6,Sơn La,Miền Bắc,175,130,50,1,1
2024,6,Thanh Hóa,Miền Bắc,194,139,32,1,1
2024,6,Nghệ An,Miền Bắc,203,156,36,2,1
2024,6,Đà Nẵng,Miền Trung,171,129,28,1,0
2024,6,Quảng Nam,Miền Trung,141,110,37,0,0
2024,6,Quảng Ngãi,Miền Trung,178,142,27,1,0
2024,6,Bình Định,Miền Trung,128,98,37,0,0
2024,6,Khánh Hòa,Miền Trung,171,123,33,0,0
2024,6,Phú Yên,Miền Trung,164,118,40,1,1
2024,6,Gia Lai,Tây Nguyên,248,210,70,0,0
2024,6,Đắk Lắk,Tây Nguyên,217,190,73,0,0
2024,6,Lâm Đồng,Tây Nguyên,197,144,38,0,0
2024,6,Kon Tum,Tây Nguyên,180,152,56,2,1
2024,6,Hồ Chí Minh,Miền Nam,150,100,21,1,1
2024,6,Cần Thơ,Miền Nam,179,118,30,0,0
2024,6,An Giang,Miền Nam,168,116,36,1,1
2024,6,Kiên Giang,Miền Nam,187,136,45,1,1
2024,6,Đồng Tháp,Miền Nam,161,140,54,2,1
2024,6,Bình Phước,Miền Nam,168,119,30,0,0
2024,6,Tây Ninh,Miền Nam,210,161,44,2,2
2024,7,Hà Nội,Miền Bắc,168,124,39,1,1
2024,7,Hải Phòng,Miền Bắc,167,109,22,1,1
2024,7,Quảng Ninh,Miền Bắc,147,113,43,0,0
2024,7,Bắc Giang,Miền Bắc,187,147,35,0,0
2024,7,Lạng Sơn,Miền Bắc,169,113,38,1,1
2024,7,Sơn La,Miền Bắc,161,113,32,1,1
2024,7,Thanh Hóa,Miền Bắc,186,136,47,0,0
2024,7,Nghệ An,Miền Bắc,200,132,27,3,2
2024,7,Đà Nẵng,Miền Trung,160,138,33,0,0
2024,7,Quảng Nam,Miền Trung,129,87,33,1,1
2024,7,Quảng Ngãi,Miền Trung,183,135,34,1,0
2024,7,Bình Định,Miền Trung,142,107,41,0,0
2024,7,Khánh Hòa,Miền Trung,167,134,42,2,1
2024,7,Phú Yên,Miền Trung,151,104,37,0,0
2024,7,Gia Lai,Tây Nguyên,209,152,49,1,1
2024,7,Đắk Lắk,Tây Nguyên,209,137,55,1,1
2024,7,Lâm Đồng,Tây Nguyên,199,135,30,1,1
2024,7,Kon Tum,Tây Nguyên,152,113,45,1,1
2024,7,Hồ Chí Minh,Miền Nam,158,109,31,1,0
2024,7,Cần Thơ,Miền Nam,168,125,39,1,0
2024,7,An Giang,Miền Nam,148,110,20,0,0
2024,7,Kiên Giang,Miền Nam,174,146,47,1,1
2024,7,Đồng Tháp,Miền Nam,137,93,31,2,1
2024,7,Bình Phước,Miền Nam,160,124,41,2,1
2024,7,Tây Ninh,Miền Nam,173,126,34,0,0
2024,8,Hà Nội,Miền Bắc,141,99,32,1,1
2024,8,Hải Phòng,Miền Bắc,172,112,22,0,0
2024,8,Quảng Ninh,Miền Bắc,125,94,24,3,3
2024,8,Bắc Giang,Miền Bắc,184,146,29,1,1
2024,8,Lạng Sơn,Miền Bắc,165,125,25,1,0
2024,8,Sơn La,Miền Bắc,144,119,24,0,0
2024,8,Thanh Hóa,Miền Bắc,138,114,29,0,0
2024,8,Nghệ An,Miền Bắc,177,124,28,4,3
2024,8,Đà Nẵng,Miền Trung,158,134,32,0,0
2024,8,Quảng Nam,Miền Trung,126,84,21,2,2
2024,8,Quảng Ngãi,Miền Trung,151,126,28,1,1
2024,8,Bình Định,Miền Trung,119,93,33,0,0
2024,8,Khánh Hòa,Miền Trung,140,115,42,2,1
2024,8,Phú Yên,Miền Trung,121,84,29,0,0
2024,8,Gia Lai,Tây Nguyên,202,142,34,5,3
2024,8,Đắk Lắk,Tây Nguyên,173,124,25,1,1
2024,8,Lâm Đồng,Tây Nguyên,167,133,27,0,0
2024,8,Kon Tum,Tây Nguyên,146,103,30,0,0
2024,8,Hồ Chí Minh,Miền Nam,121,97,40,0,0
2024,8,Cần Thơ,Miền Nam,162,132,27,1,1
2024,8,An Giang,Miền Nam,126,86,18,2,0
2024,8,Kiên Giang,Miền Nam,161,116,29,0,0
2024,8,Đồng Tháp,Miền Nam,154,123,45,0,0
2024,8,Bình Phước,Miền Nam,152,126,32,2,1
2024,8,Tây Ninh,Miền Nam,185,140,47,0,0
2024,9,Hà Nội,Miền Bắc,141,98,33,2,2
2024,9,Hải Phòng,Miền Bắc,113,94,30,1,0
2024,9,Quảng Ninh,Miền Bắc,98,66,21,1,0
2024,9,Bắc Giang,Miền Bắc,141,93,22,0,0
2024,9,Lạng Sơn,Miền Bắc,130,85,16,2,2
2024,9,Sơn La,Miền Bắc,130,110,23,0,0
2024,9,Thanh Hóa,Miền Bắc,105,74,29,0,0
2024,9,Nghệ An,Miền Bắc,143,122,51,4,2
2024,9,Đà Nẵng,Miền Trung,140,115,40,3,1
2024,9,Quảng Nam,Miền Trung,108,85,22,0,0
2024,9,Quảng Ngãi,Miền Trung,111,93,22,0,0
2024,9,Bình Định,Miền Trung,123,80,19,0,0
2024,9,Khánh Hòa,Miền Trung,97,76,17,0,0
2024,9,Phú Yên,Miền Trung,118,101,30,0,0
2024,9,Gia Lai,Tây Nguyên,166,111,37,1,1
2024,9,Đắk Lắk,Tây Nguyên,164,135,32,0,0
2024,9,Lâm Đồng,Tây Nguyên,170,148,31,1,1
2024,9,Kon Tum,Tây Nguyên,128,85,17,0,0
2024,9,Hồ Chí Minh,Miền Nam,93,76,18,0,0
2024,9,Cần Thơ,Miền Nam,122,80,17,1,1
2024,9,An Giang,Miền Nam,121,96,26,1,0
2024,9,Kiên Giang,Miền Nam,131,97,40,2,1
2024,9,Đồng Tháp,Miền Nam,108,75,23,0,0
2024,9,Bình Phước,Miền Nam,116,79,26,1,0
2024,9,Tây Ninh,Miền Nam,117,102,23,0,0
2024,10,Hà Nội,Miền Bắc,130,92,16,2,0
2024,10,Hải Phòng,Miền Bắc,131,102,42,2,2
2024,10,Quảng Ninh,Miền Bắc,95,64,24,1,1
2024,10,Bắc Giang,Miền Bắc,134,98,33,2,2
2024,10,Lạng Sơn,Miền Bắc,131,94,18,1,0
2024,10,Sơn La,Miền Bắc,118,90,29,1,0
2024,10,Thanh Hóa,Miền Bắc,123,91,20,3,3
2024,10,Nghệ An,Miền Bắc,135,93,24,1,0
2024,10,Đà Nẵng,Miền Trung,136,98,31,0,0
2024,10,Quảng Nam,Miền Trung,89,64,24,0,0
2024,10,Quảng Ngãi,Miền Trung,120,90,37,0,0
2024,10,Bình Định,Miền Trung,98,65,19,1,0
2024,10,Khánh Hòa,Miền Trung,118,92,26,3,2
2024,10,Phú Yên,Miền Trung,128,108,29,0,0
2024,10,Gia Lai,Tây Nguyên,131,92,27,2,1
2024,10,Đắk Lắk,Tây Nguyên,122,99,22,4,3
2024,10,Lâm Đồng,Tây Nguyên,122,92,34,2,2
2024,10,Kon Tum,Tây Nguyên,131,91,37,0,0
2024,10,Hồ Chí Minh,Miền Nam,114,87,24,0,0
2024,10,Cần Thơ,Miền Nam,113,78,17,0,0
2024,10,An Giang,Miền Nam,111,94,31,1,0
2024,10,Kiên Giang,Miền Nam,107,88,21,1,1
2024,10,Đồng Tháp,Miền Nam,121,92,32,0,0
2024,10,Bình Phước,Miền Nam,123,85,25,1,1
2024,10,Tây Ninh,Miền Nam,121,90,32,1,1
2024,11,Hà Nội,Miền Bắc,152,111,27,0,0
2024,11,Hải Phòng,Miền Bắc,114,77,18,0,0
2024,11,Quảng Ninh,Miền Bắc,133,116,31,0,0
2024,11,Bắc Giang,Miền Bắc,136,92,37,1,0
2024,11,Lạng Sơn,Miền Bắc,116,78,22,0,0
2024,11,Sơn La,Miền Bắc,116,86,35,0,0
2024,11,Thanh Hóa,Miền Bắc,137,119,43,2,0
2024,11,Nghệ An,Miền Bắc,153,117,47,3,3
2024,11,Đà Nẵng,Miền Trung,124,89,16,1,1
2024,11,Quảng Nam,Miền Trung,77,57,11,1,0
2024,11,Quảng Ngãi,Miền Trung,126,94,29,1,0
2024,11,Bình Định,Miền Trung,101,80,33,0,0
2024,11,Khánh Hòa,Miền Trung,137,110,22,0,0
2024,11,Phú Yên,Miền Trung,114,75,23,0,0
2024,11,Gia Lai,Tây Nguyên,178,145,41,1,1
2024,11,Đắk Lắk,Tây Nguyên,139,118,35,2,1
2024,11,Lâm Đồng,Tây Nguyên,140,94,33,3,3
2024,11,Kon Tum,Tây Nguyên,137,105,41,1,1
2024,11,Hồ Chí Minh,Miền Nam,99,73,13,1,0
2024,11,Cần Thơ,Miền Nam,130,86,30,0,0
2024,11,An Giang,Miền Nam,113,82,23,2,2
2024,11,Kiên Giang,Miền Nam,136,112,22,0,0
2024,11,Đồng Tháp,Miền Nam,110,84,24,1,0
2024,11,Bình Phước,Miền Nam,136,103,27,0,0
2024,11,Tây Ninh,Miền Nam,123,92,28,1,0
2024,12,Hà Nội,Miền Bắc,131,92,35,0,0
2024,12,Hải Phòng,Miền Bắc,132,91,22,0,0
2024,12,Quảng Ninh,Miền Bắc,110,86,27,1,1
2024,12,Bắc Giang,Miền Bắc,150,115,38,0,0
2024,12,Lạng Sơn,Miền Bắc,146,110,41,1,0
2024,12,Sơn La,Miền Bắc,140,96,38,1,1
2024,12,Thanh Hóa,Miền Bắc,118,89,16,0,0
2024,12,Nghệ An,Miền Bắc,154,112,46,0,0
2024,12,Đà Nẵng,Miền Trung,131,107,44,1,0
2024,12,Quảng Nam,Miền Trung,104,71,17,0,0
2024,12,Quảng Ngãi,Miền Trung,124,104,38,1,1
2024,12,Bình Định,Miền Trung,111,94,22,0,0
2024,12,Khánh Hòa,Miền Trung,131,111,29,0,0
2024,12,Phú Yên,Miền Trung,129,99,25,0,0
2024,12,Gia Lai,Tây Nguyên,175,149,54,0,0
2024,12,Đắk Lắk,Tây Nguyên,163,112,27,1,1
2024,12,Lâm Đồng,Tây Nguyên,160,116,45,2,1
2024,12,Kon Tum,Tây Nguyên,131,105,36,0,0
2024,12,Hồ Chí Minh,Miền Nam,119,92,19,1,0
2024,12,Cần Thơ,Miền Nam,127,108,22,1,0
2024,12,An Giang,Miền Nam,122,103,31,0,0
2024,12,Kiên Giang,Miền Nam,149,123,27,0,0
2024,12,Đồng Tháp,Miền Nam,118,81,30,1,1
2024,12,Bình Phước,Miền Nam,133,101,31,0,0
2024,12,Tây Ninh,Miền Nam,130,96,18,1,1
